# PARALLEL MERGE (BEST SOL)- SEED 0,,,,,,
# SA_ALPHA,SA_T_MIN,SA_ITER,FULL_RUNS,MERGE_POP_SIZE,NUM_ITER,ITER_INCR
# 0.97,0.5,1,1,1000,5,0
! LINE 2,,,,,,
! NAME Zuck_medium,,,,,,
! POP_SIZE 1000,,,,,,
! SWAPS 1,,,,,,
! NUM_MERGES 5,,,,,,
635961000,,,,,,
635961000,,,,,,
635973000,,,,,,
635996000,,,,,,
635996000,,,,,,
636011000,,,,,,
636011000,,,,,,
636011000,,,,,,
636011000,,,,,,
636011000,,,,,,
636030000,,,,,,
636030000,,,,,,
636030000,,,,,,
636030000,,,,,,
636066000,,,,,,
636066000,,,,,,
636080000,,,,,,
636080000,,,,,,
636080000,,,,,,
636080000,,,,,,
636117000,,,,,,
636117000,,,,,,
636117000,,,,,,
636117000,,,,,,
636130000,,,,,,
636130000,,,,,,
636154000,,,,,,
636154000,,,,,,
636164000,,,,,,
636164000,,,,,,
636164000,,,,,,
636164000,,,,,,
636164000,,,,,,
636164000,,,,,,
636164000,,,,,,
636164000,,,,,,
636164000,,,,,,
636164000,,,,,,
636164000,,,,,,
636164000,,,,,,
636164000,,,,,,
636164000,,,,,,
636164000,,,,,,
636164000,,,,,,
636164000,,,,,,
636164000,,,,,,
636164000,,,,,,
636164000,,,,,,
636192000,,,,,,
636192000,,,,,,
636192000,,,,,,
636192000,,,,,,
636192000,,,,,,
636192000,,,,,,
636205000,,,,,,
636205000,,,,,,
636205000,,,,,,
636213000,,,,,,
636213000,,,,,,
636213000,,,,,,
636213000,,,,,,
636239000,,,,,,
636239000,,,,,,
636239000,,,,,,
636239000,,,,,,
636239000,,,,,,
636256000,,,,,,
636256000,,,,,,
636256000,,,,,,
636256000,,,,,,
636272000,,,,,,
636297000,,,,,,
636297000,,,,,,
636297000,,,,,,
636297000,,,,,,
636297000,,,,,,
636306000,,,,,,
636309000,,,,,,
636309000,,,,,,
636309000,,,,,,
636318000,,,,,,
636337000,,,,,,
636337000,,,,,,
636337000,,,,,,
636337000,,,,,,
636337000,,,,,,
636360000,,,,,,
636360000,,,,,,
636360000,,,,,,
636383000,,,,,,
636383000,,,,,,
636383000,,,,,,
636383000,,,,,,
636383000,,,,,,
636383000,,,,,,
636421000,,,,,,
636421000,,,,,,
636421000,,,,,,
636421000,,,,,,
636421000,,,,,,
636421000,,,,,,
636421000,,,,,,
636421000,,,,,,
636437000,,,,,,
636437000,,,,,,
636437000,,,,,,
636437000,,,,,,
636453000,,,,,,
636453000,,,,,,
636453000,,,,,,
636453000,,,,,,
636468000,,,,,,
636471000,,,,,,
636471000,,,,,,
636486000,,,,,,
636486000,,,,,,
636486000,,,,,,
636494000,,,,,,
636494000,,,,,,
636494000,,,,,,
636494000,,,,,,
636507000,,,,,,
636507000,,,,,,
636507000,,,,,,
636507000,,,,,,
636507000,,,,,,
636507000,,,,,,
636507000,,,,,,
636553000,,,,,,
636553000,,,,,,
636553000,,,,,,
636553000,,,,,,
636553000,,,,,,
636553000,,,,,,
636553000,,,,,,
636577000,,,,,,
636577000,,,,,,
636577000,,,,,,
636577000,,,,,,
636668000,,,,,,
636668000,,,,,,
636668000,,,,,,
636677000,,,,,,
636703000,,,,,,
636703000,,,,,,
636703000,,,,,,
636703000,,,,,,
636703000,,,,,,
636703000,,,,,,
636712000,,,,,,
636734000,,,,,,
636734000,,,,,,
636734000,,,,,,
636734000,,,,,,
636745000,,,,,,
636745000,,,,,,
636745000,,,,,,
636760000,,,,,,
636760000,,,,,,
636760000,,,,,,
636767000,,,,,,
636813000,,,,,,
636813000,,,,,,
636813000,,,,,,
636813000,,,,,,
636820000,,,,,,
636820000,,,,,,
636820000,,,,,,
636820000,,,,,,
636820000,,,,,,
636832000,,,,,,
636832000,,,,,,
636832000,,,,,,
636832000,,,,,,
636840000,,,,,,
636840000,,,,,,
636840000,,,,,,
636840000,,,,,,
636840000,,,,,,
636840000,,,,,,
636840000,,,,,,
636840000,,,,,,
636848000,,,,,,
636851000,,,,,,
636851000,,,,,,
636851000,,,,,,
636867000,,,,,,
636876000,,,,,,
636876000,,,,,,
636876000,,,,,,
636876000,,,,,,
636912000,,,,,,
636912000,,,,,,
636919000,,,,,,
636919000,,,,,,
636919000,,,,,,
636932000,,,,,,
636960000,,,,,,
636960000,,,,,,
636960000,,,,,,
636960000,,,,,,
636960000,,,,,,
636960000,,,,,,
636960000,,,,,,
636969000,,,,,,
636969000,,,,,,
636969000,,,,,,
636969000,,,,,,
637005000,,,,,,
637005000,,,,,,
637005000,,,,,,
637013000,,,,,,
637013000,,,,,,
637013000,,,,,,
637013000,,,,,,
637013000,,,,,,
637048000,,,,,,
637048000,,,,,,
637048000,,,,,,
637048000,,,,,,
637078000,,,,,,
637078000,,,,,,
637078000,,,,,,
637134000,,,,,,
637134000,,,,,,
637134000,,,,,,
637134000,,,,,,
637134000,,,,,,
637134000,,,,,,
637134000,,,,,,
637180000,,,,,,
637180000,,,,,,
637180000,,,,,,
637180000,,,,,,
637180000,,,,,,
637199000,,,,,,
637199000,,,,,,
637226000,,,,,,
637244000,,,,,,
637244000,,,,,,
637244000,,,,,,
637244000,,,,,,
637244000,,,,,,
637268000,,,,,,
637268000,,,,,,
637269000,,,,,,
637288000,,,,,,
637288000,,,,,,
637303000,,,,,,
637303000,,,,,,
637303000,,,,,,
637311000,,,,,,
637311000,,,,,,
637311000,,,,,,
637311000,,,,,,
637326000,,,,,,
637326000,,,,,,
637326000,,,,,,
637326000,,,,,,
637334000,,,,,,
637334000,,,,,,
637334000,,,,,,
637334000,,,,,,
637343000,,,,,,
637354000,,,,,,
637354000,,,,,,
637368000,,,,,,
637368000,,,,,,
637368000,,,,,,
637378000,,,,,,
637378000,,,,,,
637378000,,,,,,
637398000,,,,,,
637398000,,,,,,
637398000,,,,,,
637398000,,,,,,
637398000,,,,,,
637398000,,,,,,
637398000,,,,,,
637406000,,,,,,
637408000,,,,,,
637408000,,,,,,
637416000,,,,,,
637416000,,,,,,
637416000,,,,,,
637444000,,,,,,
637444000,,,,,,
637444000,,,,,,
637456000,,,,,,
637456000,,,,,,
637456000,,,,,,
637457000,,,,,,
637467000,,,,,,
637467000,,,,,,
637467000,,,,,,
637467000,,,,,,
637467000,,,,,,
637467000,,,,,,
637477000,,,,,,
637477000,,,,,,
637477000,,,,,,
637495000,,,,,,
637495000,,,,,,
637495000,,,,,,
637495000,,,,,,
637495000,,,,,,
637495000,,,,,,
637495000,,,,,,
637501000,,,,,,
637501000,,,,,,
637501000,,,,,,
637540000,,,,,,
637540000,,,,,,
637540000,,,,,,
637553000,,,,,,
637553000,,,,,,
637553000,,,,,,
637553000,,,,,,
637553000,,,,,,
637581000,,,,,,
637581000,,,,,,
637596000,,,,,,
637596000,,,,,,
637608000,,,,,,
637608000,,,,,,
637608000,,,,,,
637608000,,,,,,
637608000,,,,,,
637627000,,,,,,
637627000,,,,,,
637627000,,,,,,
637627000,,,,,,
637627000,,,,,,
637627000,,,,,,
637627000,,,,,,
637627000,,,,,,
637627000,,,,,,
637627000,,,,,,
637627000,,,,,,
637640000,,,,,,
637640000,,,,,,
637640000,,,,,,
637640000,,,,,,
637646000,,,,,,
637646000,,,,,,
637647000,,,,,,
637647000,,,,,,
637647000,,,,,,
637652000,,,,,,
637652000,,,,,,
637652000,,,,,,
637652000,,,,,,
637652000,,,,,,
637696000,,,,,,
637696000,,,,,,
637696000,,,,,,
637696000,,,,,,
637711000,,,,,,
637711000,,,,,,
637711000,,,,,,
637754000,,,,,,
637754000,,,,,,
637754000,,,,,,
637754000,,,,,,
637781000,,,,,,
637781000,,,,,,
637781000,,,,,,
637781000,,,,,,
637815000,,,,,,
637815000,,,,,,
637815000,,,,,,
637815000,,,,,,
637826000,,,,,,
637826000,,,,,,
637826000,,,,,,
637826000,,,,,,
637852000,,,,,,
637852000,,,,,,
637852000,,,,,,
637852000,,,,,,
637863000,,,,,,
637865000,,,,,,
637865000,,,,,,
637865000,,,,,,
637865000,,,,,,
637873000,,,,,,
637877000,,,,,,
637877000,,,,,,
637886000,,,,,,
637886000,,,,,,
637886000,,,,,,
637886000,,,,,,
637886000,,,,,,
637897000,,,,,,
637897000,,,,,,
637897000,,,,,,
637897000,,,,,,
637897000,,,,,,
637903000,,,,,,
637903000,,,,,,
637903000,,,,,,
637913000,,,,,,
637921000,,,,,,
637921000,,,,,,
637973000,,,,,,
637973000,,,,,,
637973000,,,,,,
637973000,,,,,,
637982000,,,,,,
637982000,,,,,,
637982000,,,,,,
637982000,,,,,,
637982000,,,,,,
637994000,,,,,,
637994000,,,,,,
637994000,,,,,,
638011000,,,,,,
638011000,,,,,,
638011000,,,,,,
638011000,,,,,,
638011000,,,,,,
638011000,,,,,,
638024000,,,,,,
638024000,,,,,,
638048000,,,,,,
638053000,,,,,,
638053000,,,,,,
638053000,,,,,,
638078000,,,,,,
638078000,,,,,,
638078000,,,,,,
638078000,,,,,,
638094000,,,,,,
638094000,,,,,,
638094000,,,,,,
638120000,,,,,,
638120000,,,,,,
638136000,,,,,,
638136000,,,,,,
638161000,,,,,,
638161000,,,,,,
638161000,,,,,,
638188000,,,,,,
638188000,,,,,,
638188000,,,,,,
638188000,,,,,,
638220000,,,,,,
638220000,,,,,,
638220000,,,,,,
638220000,,,,,,
638220000,,,,,,
638220000,,,,,,
638253000,,,,,,
638253000,,,,,,
638253000,,,,,,
638253000,,,,,,
638253000,,,,,,
638253000,,,,,,
638275000,,,,,,
638275000,,,,,,
638275000,,,,,,
638275000,,,,,,
638275000,,,,,,
638287000,,,,,,
638287000,,,,,,
638287000,,,,,,
638287000,,,,,,
638293000,,,,,,
638298000,,,,,,
638298000,,,,,,
638298000,,,,,,
638298000,,,,,,
638323000,,,,,,
638323000,,,,,,
638323000,,,,,,
638334000,,,,,,
638334000,,,,,,
638334000,,,,,,
638334000,,,,,,
638341000,,,,,,
638343000,,,,,,
638343000,,,,,,
638380000,,,,,,
638380000,,,,,,
638380000,,,,,,
638380000,,,,,,
638380000,,,,,,
638380000,,,,,,
638380000,,,,,,
638380000,,,,,,
638380000,,,,,,
638386000,,,,,,
638406000,,,,,,
638406000,,,,,,
638406000,,,,,,
638413000,,,,,,
638413000,,,,,,
638430000,,,,,,
638430000,,,,,,
638448000,,,,,,
638448000,,,,,,
638448000,,,,,,
638448000,,,,,,
638461000,,,,,,
638461000,,,,,,
638461000,,,,,,
638461000,,,,,,
638472000,,,,,,
638485000,,,,,,
638485000,,,,,,
638485000,,,,,,
638485000,,,,,,
638524000,,,,,,
638524000,,,,,,
638524000,,,,,,
638532000,,,,,,
638532000,,,,,,
638532000,,,,,,
638532000,,,,,,
638532000,,,,,,
638532000,,,,,,
638543000,,,,,,
638543000,,,,,,
638544000,,,,,,
638556000,,,,,,
638556000,,,,,,
638556000,,,,,,
638556000,,,,,,
638556000,,,,,,
638556000,,,,,,
638558000,,,,,,
638558000,,,,,,
638582000,,,,,,
638582000,,,,,,
638582000,,,,,,
638582000,,,,,,
638594000,,,,,,
638594000,,,,,,
638594000,,,,,,
638594000,,,,,,
638618000,,,,,,
638618000,,,,,,
638628000,,,,,,
638628000,,,,,,
638628000,,,,,,
638662000,,,,,,
638662000,,,,,,
638662000,,,,,,
638662000,,,,,,
638662000,,,,,,
638673000,,,,,,
638673000,,,,,,
638673000,,,,,,
638673000,,,,,,
638689000,,,,,,
638689000,,,,,,
638689000,,,,,,
638695000,,,,,,
638695000,,,,,,
638727000,,,,,,
638727000,,,,,,
638727000,,,,,,
638766000,,,,,,
638766000,,,,,,
638766000,,,,,,
638766000,,,,,,
638772000,,,,,,
638772000,,,,,,
638772000,,,,,,
638772000,,,,,,
638772000,,,,,,
638772000,,,,,,
638772000,,,,,,
638772000,,,,,,
638772000,,,,,,
638772000,,,,,,
638772000,,,,,,
638785000,,,,,,
638785000,,,,,,
638785000,,,,,,
638799000,,,,,,
638799000,,,,,,
638802000,,,,,,
638802000,,,,,,
638802000,,,,,,
638807000,,,,,,
638807000,,,,,,
638807000,,,,,,
638807000,,,,,,
638813000,,,,,,
638821000,,,,,,
638837000,,,,,,
638837000,,,,,,
638837000,,,,,,
638837000,,,,,,
638842000,,,,,,
638842000,,,,,,
638842000,,,,,,
638842000,,,,,,
638842000,,,,,,
638851000,,,,,,
638857000,,,,,,
638857000,,,,,,
638857000,,,,,,
638870000,,,,,,
638870000,,,,,,
638890000,,,,,,
638890000,,,,,,
638890000,,,,,,
638897000,,,,,,
638935000,,,,,,
638935000,,,,,,
638935000,,,,,,
638942000,,,,,,
638942000,,,,,,
638979000,,,,,,
638979000,,,,,,
638979000,,,,,,
638979000,,,,,,
638979000,,,,,,
638987000,,,,,,
638987000,,,,,,
638991000,,,,,,
639010000,,,,,,
639010000,,,,,,
639010000,,,,,,
639010000,,,,,,
639010000,,,,,,
639010000,,,,,,
639010000,,,,,,
639010000,,,,,,
639010000,,,,,,
639010000,,,,,,
639014000,,,,,,
639021000,,,,,,
639043000,,,,,,
639043000,,,,,,
639043000,,,,,,
639043000,,,,,,
639043000,,,,,,
639053000,,,,,,
639053000,,,,,,
639053000,,,,,,
639053000,,,,,,
639053000,,,,,,
639053000,,,,,,
639053000,,,,,,
639053000,,,,,,
639053000,,,,,,
639053000,,,,,,
639053000,,,,,,
639053000,,,,,,
639059000,,,,,,
639059000,,,,,,
639070000,,,,,,
639070000,,,,,,
639070000,,,,,,
639070000,,,,,,
639081000,,,,,,
639081000,,,,,,
639081000,,,,,,
639081000,,,,,,
639081000,,,,,,
639081000,,,,,,
639081000,,,,,,
639081000,,,,,,
639081000,,,,,,
639089000,,,,,,
639089000,,,,,,
639089000,,,,,,
639089000,,,,,,
639102000,,,,,,
639102000,,,,,,
639102000,,,,,,
639102000,,,,,,
639102000,,,,,,
639135000,,,,,,
639135000,,,,,,
639141000,,,,,,
639141000,,,,,,
639141000,,,,,,
639149000,,,,,,
639149000,,,,,,
639149000,,,,,,
639158000,,,,,,
639158000,,,,,,
639158000,,,,,,
639168000,,,,,,
639168000,,,,,,
639175000,,,,,,
639175000,,,,,,
639175000,,,,,,
639175000,,,,,,
639175000,,,,,,
639175000,,,,,,
639178000,,,,,,
639184000,,,,,,
639184000,,,,,,
639184000,,,,,,
639206000,,,,,,
639206000,,,,,,
639206000,,,,,,
639206000,,,,,,
639206000,,,,,,
639206000,,,,,,
639219000,,,,,,
639219000,,,,,,
639219000,,,,,,
639219000,,,,,,
639242000,,,,,,
639242000,,,,,,
639242000,,,,,,
639242000,,,,,,
639242000,,,,,,
639253000,,,,,,
639253000,,,,,,
639253000,,,,,,
639253000,,,,,,
639253000,,,,,,
639261000,,,,,,
639292000,,,,,,
639292000,,,,,,
639292000,,,,,,
639328000,,,,,,
639328000,,,,,,
639328000,,,,,,
639328000,,,,,,
639334000,,,,,,
639334000,,,,,,
639340000,,,,,,
639340000,,,,,,
639367000,,,,,,
639367000,,,,,,
639367000,,,,,,
639367000,,,,,,
639367000,,,,,,
639367000,,,,,,
639367000,,,,,,
639367000,,,,,,
639374000,,,,,,
639374000,,,,,,
639374000,,,,,,
639374000,,,,,,
639380000,,,,,,
639381000,,,,,,
639381000,,,,,,
639381000,,,,,,
639381000,,,,,,
639387000,,,,,,
639391000,,,,,,
639396000,,,,,,
639396000,,,,,,
639423000,,,,,,
639423000,,,,,,
639423000,,,,,,
639423000,,,,,,
639423000,,,,,,
639423000,,,,,,
639427000,,,,,,
639427000,,,,,,
639446000,,,,,,
639446000,,,,,,
639446000,,,,,,
639446000,,,,,,
639446000,,,,,,
639465000,,,,,,
639479000,,,,,,
639479000,,,,,,
639479000,,,,,,
639479000,,,,,,
639488000,,,,,,
639488000,,,,,,
639488000,,,,,,
639488000,,,,,,
639519000,,,,,,
639519000,,,,,,
639519000,,,,,,
639519000,,,,,,
639531000,,,,,,
639531000,,,,,,
639571000,,,,,,
639571000,,,,,,
639571000,,,,,,
639571000,,,,,,
639571000,,,,,,
639578000,,,,,,
639578000,,,,,,
639578000,,,,,,
639578000,,,,,,
639578000,,,,,,
639582000,,,,,,
639582000,,,,,,
639582000,,,,,,
639582000,,,,,,
639588000,,,,,,
639589000,,,,,,
639594000,,,,,,
639594000,,,,,,
639594000,,,,,,
639594000,,,,,,
639619000,,,,,,
639619000,,,,,,
639619000,,,,,,
639619000,,,,,,
639631000,,,,,,
639631000,,,,,,
639631000,,,,,,
639631000,,,,,,
639638000,,,,,,
639638000,,,,,,
639638000,,,,,,
639650000,,,,,,
639650000,,,,,,
639650000,,,,,,
639650000,,,,,,
639653000,,,,,,
639656000,,,,,,
639656000,,,,,,
639656000,,,,,,
639656000,,,,,,
639656000,,,,,,
639656000,,,,,,
639660000,,,,,,
639660000,,,,,,
639675000,,,,,,
639675000,,,,,,
639675000,,,,,,
639675000,,,,,,
639675000,,,,,,
639675000,,,,,,
639681000,,,,,,
639681000,,,,,,
639681000,,,,,,
639681000,,,,,,
639681000,,,,,,
639681000,,,,,,
639685000,,,,,,
639685000,,,,,,
639685000,,,,,,
639685000,,,,,,
639685000,,,,,,
639685000,,,,,,
639697000,,,,,,
639697000,,,,,,
639697000,,,,,,
639697000,,,,,,
639708000,,,,,,
639716000,,,,,,
639716000,,,,,,
639716000,,,,,,
639716000,,,,,,
639747000,,,,,,
639747000,,,,,,
639753000,,,,,,
639753000,,,,,,
639753000,,,,,,
639753000,,,,,,
639768000,,,,,,
639783000,,,,,,
639783000,,,,,,
639783000,,,,,,
639783000,,,,,,
639837000,,,,,,
639837000,,,,,,
639837000,,,,,,
639837000,,,,,,
639837000,,,,,,
639837000,,,,,,
639842000,,,,,,
639842000,,,,,,
639842000,,,,,,
639845000,,,,,,
639849000,,,,,,
639849000,,,,,,
639849000,,,,,,
639863000,,,,,,
639863000,,,,,,
639863000,,,,,,
639863000,,,,,,
639863000,,,,,,
639863000,,,,,,
639874000,,,,,,
639874000,,,,,,
639874000,,,,,,
639874000,,,,,,
639895000,,,,,,
639895000,,,,,,
639895000,,,,,,
639895000,,,,,,
639909000,,,,,,
639909000,,,,,,
639909000,,,,,,
639909000,,,,,,
639909000,,,,,,
639920000,,,,,,
639920000,,,,,,
639920000,,,,,,
639920000,,,,,,
639927000,,,,,,
639928000,,,,,,
639928000,,,,,,
639928000,,,,,,
639928000,,,,,,
639928000,,,,,,
639928000,,,,,,
639931000,,,,,,
639931000,,,,,,
639931000,,,,,,
639931000,,,,,,
639931000,,,,,,
639931000,,,,,,
639952000,,,,,,
639952000,,,,,,
639966000,,,,,,
639966000,,,,,,
639966000,,,,,,
639966000,,,,,,
639966000,,,,,,
639966000,,,,,,
639978000,,,,,,
639978000,,,,,,
639978000,,,,,,
639978000,,,,,,
639978000,,,,,,
639978000,,,,,,
639978000,,,,,,
639978000,,,,,,
640004000,,,,,,
640004000,,,,,,
640004000,,,,,,
640004000,,,,,,
640007000,,,,,,
640007000,,,,,,
640029000,,,,,,
640029000,,,,,,
640029000,,,,,,
640029000,,,,,,
640029000,,,,,,
640029000,,,,,,
640029000,,,,,,
640029000,,,,,,
640029000,,,,,,
640035000,,,,,,
640035000,,,,,,
640035000,,,,,,
640047000,,,,,,
640047000,,,,,,
640047000,,,,,,
640047000,,,,,,
640067000,,,,,,
640067000,,,,,,
640067000,,,,,,
640067000,,,,,,
640067000,,,,,,
640067000,,,,,,
640076000,,,,,,
640076000,,,,,,
640076000,,,,,,
640076000,,,,,,
640076000,,,,,,
640083000,,,,,,
640096000,,,,,,
640096000,,,,,,
640096000,,,,,,
640132000,,,,,,
640132000,,,,,,
640132000,,,,,,
640132000,,,,,,
640132000,,,,,,
640132000,,,,,,
640132000,,,,,,
640132000,,,,,,
640132000,,,,,,
640132000,,,,,,
640132000,,,,,,
640132000,,,,,,
640140000,,,,,,
640140000,,,,,,
640140000,,,,,,
640140000,,,,,,
640151000,,,,,,
640151000,,,,,,
640151000,,,,,,
640151000,,,,,,
640162000,,,,,,
640162000,,,,,,
640162000,,,,,,
640162000,,,,,,
640162000,,,,,,
640184000,,,,,,
640184000,,,,,,
640191000,,,,,,
640191000,,,,,,
640197000,,,,,,
640209000,,,,,,
640209000,,,,,,
640214000,,,,,,
640215000,,,,,,
640215000,,,,,,
640215000,,,,,,
641244000,,,,,,
641244000,,,,,,
641269000,,,,,,
641269000,,,,,,
641269000,,,,,,
641269000,,,,,,
641271000,,,,,,
641271000,,,,,,
641289000,,,,,,
641289000,,,,,,
641289000,,,,,,
641294000,,,,,,
641294000,,,,,,
641294000,,,,,,
641294000,,,,,,
641294000,,,,,,
641313000,,,,,,
641313000,,,,,,
641313000,,,,,,
641313000,,,,,,
641313000,,,,,,
641320000,,,,,,
641320000,,,,,,
641320000,,,,,,
641332000,,,,,,
641332000,,,,,,
641332000,,,,,,
641332000,,,,,,
641332000,,,,,,
641332000,,,,,,
641332000,,,,,,
641332000,,,,,,
641347000,,,,,,
641347000,,,,,,
641348000,,,,,,
641348000,,,,,,
641348000,,,,,,
641363000,,,,,,
641363000,,,,,,
641364000,,,,,,
641364000,,,,,,
641364000,,,,,,
641364000,,,,,,
641364000,,,,,,
641375000,,,,,,
641375000,,,,,,
641375000,,,,,,
641375000,,,,,,
641375000,,,,,,
641375000,,,,,,
641375000,,,,,,
641375000,,,,,,
641379000,,,,,,
641379000,,,,,,
641381000,,,,,,
641381000,,,,,,
641381000,,,,,,
641381000,,,,,,
641381000,,,,,,
641381000,,,,,,
641392000,,,,,,
641392000,,,,,,
641392000,,,,,,
641398000,,,,,,
641398000,,,,,,
641398000,,,,,,
641398000,,,,,,
641398000,,,,,,
641398000,,,,,,
641398000,,,,,,
641398000,,,,,,
641423000,,,,,,
641423000,,,,,,
641423000,,,,,,
641434000,,,,,,
641434000,,,,,,
641459000,,,,,,
641459000,,,,,,
641459000,,,,,,
641459000,,,,,,
641459000,,,,,,
641459000,,,,,,
641459000,,,,,,
641459000,,,,,,
641459000,,,,,,
641459000,,,,,,
641459000,,,,,,
641459000,,,,,,
641462000,,,,,,
641462000,,,,,,
641477000,,,,,,
641477000,,,,,,
641477000,,,,,,
641477000,,,,,,
641477000,,,,,,
641477000,,,,,,
641492000,,,,,,
641492000,,,,,,
641492000,,,,,,
641515000,,,,,,
641515000,,,,,,
641515000,,,,,,
641518000,,,,,,
641518000,,,,,,
641518000,,,,,,
641520000,,,,,,
641520000,,,,,,
641520000,,,,,,
641520000,,,,,,
641520000,,,,,,
641520000,,,,,,
641520000,,,,,,
641520000,,,,,,
641525000,,,,,,
641525000,,,,,,
641525000,,,,,,
641537000,,,,,,
641537000,,,,,,
641537000,,,,,,
641537000,,,,,,
641543000,,,,,,
641555000,,,,,,
641555000,,,,,,
641555000,,,,,,
641582000,,,,,,
641582000,,,,,,
641582000,,,,,,
641582000,,,,,,
641582000,,,,,,
641582000,,,,,,
641582000,,,,,,
641582000,,,,,,
641587000,,,,,,
641588000,,,,,,
641588000,,,,,,
641598000,,,,,,
641598000,,,,,,
641598000,,,,,,
641598000,,,,,,
641598000,,,,,,
641598000,,,,,,
641598000,,,,,,
641598000,,,,,,
641598000,,,,,,
641598000,,,,,,
641598000,,,,,,
641598000,,,,,,
641598000,,,,,,
641598000,,,,,,
641598000,,,,,,
641598000,,,,,,
641598000,,,,,,
641598000,,,,,,
641598000,,,,,,
641598000,,,,,,
641598000,,,,,,
641598000,,,,,,
641598000,,,,,,
641604000,,,,,,
641604000,,,,,,
641604000,,,,,,
641604000,,,,,,
641604000,,,,,,
641608000,,,,,,
641608000,,,,,,
641622000,,,,,,
641630000,,,,,,
641630000,,,,,,
641636000,,,,,,
641636000,,,,,,
641636000,,,,,,
641636000,,,,,,
641636000,,,,,,
641641000,,,,,,
641663000,,,,,,
641663000,,,,,,
641663000,,,,,,
641663000,,,,,,
641663000,,,,,,
641663000,,,,,,
641682000,,,,,,
641682000,,,,,,
641682000,,,,,,
641682000,,,,,,
641682000,,,,,,
641682000,,,,,,
641699000,,,,,,
641699000,,,,,,
641699000,,,,,,
641699000,,,,,,
641699000,,,,,,
641703000,,,,,,
641703000,,,,,,
641703000,,,,,,
641703000,,,,,,
641703000,,,,,,
641703000,,,,,,
641703000,,,,,,
641703000,,,,,,
641703000,,,,,,
641703000,,,,,,
641703000,,,,,,
641703000,,,,,,
641703000,,,,,,
641703000,,,,,,
641703000,,,,,,
641703000,,,,,,
641703000,,,,,,
641725000,,,,,,
641725000,,,,,,
641725000,,,,,,
641730000,,,,,,
641730000,,,,,,
641730000,,,,,,
641730000,,,,,,
641730000,,,,,,
641730000,,,,,,
641730000,,,,,,
641730000,,,,,,
641730000,,,,,,
641730000,,,,,,
641730000,,,,,,
641730000,,,,,,
641735000,,,,,,
641735000,,,,,,
641735000,,,,,,
641740000,,,,,,
641740000,,,,,,
641740000,,,,,,
641740000,,,,,,
641740000,,,,,,
641740000,,,,,,
641757000,,,,,,
641757000,,,,,,
641757000,,,,,,
641757000,,,,,,
641757000,,,,,,
641757000,,,,,,
641757000,,,,,,
641776000,,,,,,
641776000,,,,,,
641776000,,,,,,
641776000,,,,,,
641776000,,,,,,
641786000,,,,,,
641786000,,,,,,
641786000,,,,,,
641786000,,,,,,
641786000,,,,,,
641791000,,,,,,
641791000,,,,,,
641791000,,,,,,
641791000,,,,,,
641791000,,,,,,
641798000,,,,,,
641798000,,,,,,
641798000,,,,,,
641804000,,,,,,
641804000,,,,,,
641804000,,,,,,
641809000,,,,,,
641809000,,,,,,
641809000,,,,,,
641809000,,,,,,
641809000,,,,,,
641809000,,,,,,
641815000,,,,,,
641815000,,,,,,
641815000,,,,,,
641815000,,,,,,
641821000,,,,,,
641821000,,,,,,
641821000,,,,,,
641844000,,,,,,
641844000,,,,,,
641844000,,,,,,
641844000,,,,,,
641850000,,,,,,
641853000,,,,,,
641853000,,,,,,
641853000,,,,,,
641858000,,,,,,
641869000,,,,,,
641869000,,,,,,
641869000,,,,,,
641869000,,,,,,
641869000,,,,,,
641869000,,,,,,
641869000,,,,,,
641869000,,,,,,
641869000,,,,,,
641869000,,,,,,
641869000,,,,,,
641873000,,,,,,
641874000,,,,,,
641874000,,,,,,
641874000,,,,,,
641874000,,,,,,
641878000,,,,,,
641878000,,,,,,
641878000,,,,,,
641887000,,,,,,
641887000,,,,,,
641887000,,,,,,
641887000,,,,,,
641889000,,,,,,
641901000,,,,,,
641901000,,,,,,
641901000,,,,,,
641901000,,,,,,
641919000,,,,,,
641919000,,,,,,
641919000,,,,,,
641919000,,,,,,
641919000,,,,,,
641933000,,,,,,
641933000,,,,,,
641933000,,,,,,
641933000,,,,,,
641933000,,,,,,
641933000,,,,,,
641933000,,,,,,
641933000,,,,,,
641933000,,,,,,
641933000,,,,,,
641956000,,,,,,
641956000,,,,,,
641956000,,,,,,
641962000,,,,,,
641962000,,,,,,
641962000,,,,,,
641972000,,,,,,
641972000,,,,,,
641972000,,,,,,
641972000,,,,,,
641972000,,,,,,
641972000,,,,,,
641972000,,,,,,
641972000,,,,,,
641977000,,,,,,
641977000,,,,,,
641977000,,,,,,
641977000,,,,,,
641977000,,,,,,
641977000,,,,,,
641977000,,,,,,
641977000,,,,,,
641983000,,,,,,
641983000,,,,,,
641983000,,,,,,
641983000,,,,,,
642006000,,,,,,
642006000,,,,,,
642006000,,,,,,
642006000,,,,,,
642011000,,,,,,
642011000,,,,,,
642011000,,,,,,
642019000,,,,,,
642019000,,,,,,
642032000,,,,,,
642032000,,,,,,
642050000,,,,,,
642050000,,,,,,
642050000,,,,,,
642050000,,,,,,
642050000,,,,,,
642050000,,,,,,
642068000,,,,,,
642068000,,,,,,
642068000,,,,,,
642071000,,,,,,
642096000,,,,,,
642096000,,,,,,
642096000,,,,,,
642096000,,,,,,
642096000,,,,,,
642096000,,,,,,
642096000,,,,,,
642096000,,,,,,
642101000,,,,,,
642118000,,,,,,
642118000,,,,,,
642118000,,,,,,
642123000,,,,,,
642123000,,,,,,
642123000,,,,,,
642136000,,,,,,
642144000,,,,,,
642144000,,,,,,
642144000,,,,,,
642144000,,,,,,
642144000,,,,,,
642144000,,,,,,
642144000,,,,,,
642144000,,,,,,
642144000,,,,,,
642144000,,,,,,
642144000,,,,,,
642155000,,,,,,
642155000,,,,,,
642155000,,,,,,
642168000,,,,,,
642168000,,,,,,
642168000,,,,,,
642173000,,,,,,
642173000,,,,,,
642173000,,,,,,
642173000,,,,,,
642173000,,,,,,
642191000,,,,,,
642191000,,,,,,
642191000,,,,,,
642191000,,,,,,
642196000,,,,,,
642196000,,,,,,
642196000,,,,,,
642198000,,,,,,
642217000,,,,,,
642217000,,,,,,
642230000,,,,,,
642230000,,,,,,
642230000,,,,,,
642238000,,,,,,
642238000,,,,,,
642238000,,,,,,
642238000,,,,,,
642238000,,,,,,
642238000,,,,,,
642253000,,,,,,
642253000,,,,,,
642253000,,,,,,
642253000,,,,,,
642270000,,,,,,
642270000,,,,,,
642270000,,,,,,
642270000,,,,,,
642275000,,,,,,
642275000,,,,,,
642275000,,,,,,
642275000,,,,,,
642275000,,,,,,
642275000,,,,,,
642292000,,,,,,
642292000,,,,,,
642331000,,,,,,
642331000,,,,,,
642331000,,,,,,
642331000,,,,,,
642331000,,,,,,
642331000,,,,,,
642334000,,,,,,
642334000,,,,,,
642334000,,,,,,
642334000,,,,,,
642334000,,,,,,
642334000,,,,,,
642334000,,,,,,
642334000,,,,,,
642334000,,,,,,
642355000,,,,,,
642355000,,,,,,
642355000,,,,,,
642355000,,,,,,
642355000,,,,,,
642355000,,,,,,
642355000,,,,,,
642355000,,,,,,
642355000,,,,,,
642355000,,,,,,
642355000,,,,,,
642392000,,,,,,
642392000,,,,,,
642392000,,,,,,
642415000,,,,,,
642415000,,,,,,
642415000,,,,,,
642415000,,,,,,
642415000,,,,,,
642415000,,,,,,
642415000,,,,,,
642415000,,,,,,
642415000,,,,,,
642426000,,,,,,
642426000,,,,,,
642426000,,,,,,
642426000,,,,,,
642426000,,,,,,
642426000,,,,,,
642426000,,,,,,
642426000,,,,,,
642426000,,,,,,
642426000,,,,,,
642426000,,,,,,
642426000,,,,,,
642426000,,,,,,
642446000,,,,,,
642446000,,,,,,
642446000,,,,,,
642446000,,,,,,
642488000,,,,,,
642488000,,,,,,
642488000,,,,,,
642532000,,,,,,
642532000,,,,,,
642532000,,,,,,
642537000,,,,,,
642537000,,,,,,
642537000,,,,,,
642537000,,,,,,
642537000,,,,,,
642541000,,,,,,
642541000,,,,,,
642541000,,,,,,
642541000,,,,,,
642541000,,,,,,
642541000,,,,,,
642541000,,,,,,
642541000,,,,,,
642541000,,,,,,
642541000,,,,,,
642541000,,,,,,
642546000,,,,,,
642546000,,,,,,
642546000,,,,,,
642546000,,,,,,
642546000,,,,,,
642546000,,,,,,
642546000,,,,,,
642546000,,,,,,
642563000,,,,,,
642563000,,,,,,
642563000,,,,,,
642563000,,,,,,
642568000,,,,,,
642568000,,,,,,
642568000,,,,,,
642568000,,,,,,
642568000,,,,,,
642568000,,,,,,
642568000,,,,,,
642585000,,,,,,
642585000,,,,,,
642587000,,,,,,
642587000,,,,,,
642587000,,,,,,
642590000,,,,,,
642590000,,,,,,
642590000,,,,,,
642593000,,,,,,
642593000,,,,,,
642593000,,,,,,
642593000,,,,,,
642593000,,,,,,
642593000,,,,,,
642609000,,,,,,
642609000,,,,,,
642609000,,,,,,
642609000,,,,,,
642609000,,,,,,
642609000,,,,,,
642609000,,,,,,
642609000,,,,,,
642609000,,,,,,
642609000,,,,,,
642609000,,,,,,
642612000,,,,,,
642612000,,,,,,
642612000,,,,,,
642628000,,,,,,
642628000,,,,,,
642628000,,,,,,
642628000,,,,,,
642628000,,,,,,
642628000,,,,,,
642628000,,,,,,
642628000,,,,,,
642628000,,,,,,
642628000,,,,,,
642628000,,,,,,
642633000,,,,,,
642633000,,,,,,
642633000,,,,,,
642639000,,,,,,
642639000,,,,,,
642639000,,,,,,
642644000,,,,,,
642644000,,,,,,
642644000,,,,,,
642644000,,,,,,
642644000,,,,,,
642644000,,,,,,
642644000,,,,,,
642655000,,,,,,
642655000,,,,,,
642655000,,,,,,
642655000,,,,,,
642670000,,,,,,
642670000,,,,,,
642670000,,,,,,
642670000,,,,,,
642670000,,,,,,
642670000,,,,,,
642670000,,,,,,
642670000,,,,,,
642670000,,,,,,
642670000,,,,,,
642670000,,,,,,
642670000,,,,,,
642670000,,,,,,
642676000,,,,,,
642676000,,,,,,
642676000,,,,,,
642676000,,,,,,
642689000,,,,,,
642689000,,,,,,
642689000,,,,,,
642689000,,,,,,
642689000,,,,,,
642689000,,,,,,
642693000,,,,,,
642693000,,,,,,
642693000,,,,,,
642693000,,,,,,
642693000,,,,,,
642710000,,,,,,
642710000,,,,,,
642710000,,,,,,
642710000,,,,,,
642715000,,,,,,
642715000,,,,,,
642715000,,,,,,
642715000,,,,,,
642715000,,,,,,
642715000,,,,,,
642715000,,,,,,
642715000,,,,,,
642728000,,,,,,
642728000,,,,,,
642728000,,,,,,
642755000,,,,,,
642755000,,,,,,
642755000,,,,,,
642755000,,,,,,
642755000,,,,,,
642755000,,,,,,
642758000,,,,,,
642758000,,,,,,
642758000,,,,,,
642790000,,,,,,
642790000,,,,,,
642790000,,,,,,
642790000,,,,,,
642790000,,,,,,
642815000,,,,,,
642815000,,,,,,
642815000,,,,,,
642815000,,,,,,
642815000,,,,,,
642815000,,,,,,
642815000,,,,,,
642815000,,,,,,
642815000,,,,,,
642815000,,,,,,
642835000,,,,,,
642835000,,,,,,
642835000,,,,,,
642835000,,,,,,
642835000,,,,,,
642835000,,,,,,
642835000,,,,,,
642835000,,,,,,
642835000,,,,,,
642835000,,,,,,
642835000,,,,,,
642835000,,,,,,
642835000,,,,,,
642838000,,,,,,
642838000,,,,,,
642838000,,,,,,
642838000,,,,,,
642838000,,,,,,
642838000,,,,,,
642838000,,,,,,
642838000,,,,,,
642838000,,,,,,
642838000,,,,,,
642838000,,,,,,
642842000,,,,,,
642842000,,,,,,
642842000,,,,,,
642842000,,,,,,
642842000,,,,,,
642842000,,,,,,
642842000,,,,,,
642842000,,,,,,
642842000,,,,,,
642842000,,,,,,
642842000,,,,,,
642842000,,,,,,
642842000,,,,,,
642842000,,,,,,
642842000,,,,,,
642842000,,,,,,
642842000,,,,,,
642865000,,,,,,
642865000,,,,,,
642865000,,,,,,
642870000,,,,,,
642870000,,,,,,
642870000,,,,,,
642870000,,,,,,
642870000,,,,,,
642870000,,,,,,
642879000,,,,,,
642879000,,,,,,
642879000,,,,,,
642879000,,,,,,
642879000,,,,,,
642879000,,,,,,
642879000,,,,,,
642879000,,,,,,
642879000,,,,,,
642879000,,,,,,
642879000,,,,,,
642879000,,,,,,
642879000,,,,,,
642879000,,,,,,
642879000,,,,,,
642879000,,,,,,
642879000,,,,,,
642879000,,,,,,
642879000,,,,,,
642879000,,,,,,
642879000,,,,,,
642879000,,,,,,
642884000,,,,,,
642884000,,,,,,
642884000,,,,,,
642884000,,,,,,
642884000,,,,,,
642884000,,,,,,
642884000,,,,,,
642884000,,,,,,
642884000,,,,,,
642884000,,,,,,
642884000,,,,,,
642930000,,,,,,
642930000,,,,,,
642930000,,,,,,
642930000,,,,,,
642930000,,,,,,
642930000,,,,,,
642930000,,,,,,
642930000,,,,,,
642930000,,,,,,
642930000,,,,,,
642930000,,,,,,
642934000,,,,,,
642934000,,,,,,
642934000,,,,,,
642934000,,,,,,
642934000,,,,,,
642934000,,,,,,
642934000,,,,,,
642934000,,,,,,
642934000,,,,,,
642934000,,,,,,
642934000,,,,,,
642934000,,,,,,
642934000,,,,,,
642934000,,,,,,
642939000,,,,,,
642939000,,,,,,
642939000,,,,,,
642939000,,,,,,
642939000,,,,,,
642939000,,,,,,
642939000,,,,,,
642939000,,,,,,
642939000,,,,,,
642939000,,,,,,
642939000,,,,,,
642939000,,,,,,
643190000,,,,,,
643190000,,,,,,
643190000,,,,,,
643190000,,,,,,
643190000,,,,,,
643190000,,,,,,
643190000,,,,,,
643190000,,,,,,
643190000,,,,,,
643190000,,,,,,
643190000,,,,,,
643190000,,,,,,
643190000,,,,,,
643190000,,,,,,
643190000,,,,,,
643190000,,,,,,
643195000,,,,,,
643199000,,,,,,
643199000,,,,,,
643199000,,,,,,
643199000,,,,,,
643199000,,,,,,
643205000,,,,,,
643205000,,,,,,
643205000,,,,,,
643205000,,,,,,
643205000,,,,,,
643209000,,,,,,
643209000,,,,,,
643209000,,,,,,
643209000,,,,,,
643218000,,,,,,
643218000,,,,,,
643218000,,,,,,
643218000,,,,,,
643218000,,,,,,
643218000,,,,,,
643218000,,,,,,
643218000,,,,,,
643218000,,,,,,
643218000,,,,,,
643218000,,,,,,
643218000,,,,,,
643218000,,,,,,
643218000,,,,,,
643218000,,,,,,
643218000,,,,,,
643218000,,,,,,
643230000,,,,,,
643230000,,,,,,
643230000,,,,,,
643230000,,,,,,
643230000,,,,,,
643230000,,,,,,
643230000,,,,,,
643230000,,,,,,
643230000,,,,,,
643235000,,,,,,
643246000,,,,,,
643246000,,,,,,
643246000,,,,,,
643246000,,,,,,
643246000,,,,,,
643246000,,,,,,
643246000,,,,,,
643246000,,,,,,
643246000,,,,,,
643246000,,,,,,
643251000,,,,,,
643251000,,,,,,
643256000,,,,,,
643256000,,,,,,
643256000,,,,,,
643256000,,,,,,
643256000,,,,,,
643263000,,,,,,
643263000,,,,,,
643263000,,,,,,
643263000,,,,,,
643263000,,,,,,
643263000,,,,,,
643269000,,,,,,
643269000,,,,,,
643269000,,,,,,
643269000,,,,,,
643269000,,,,,,
643269000,,,,,,
643269000,,,,,,
643269000,,,,,,
643269000,,,,,,
643273000,,,,,,
643273000,,,,,,
643273000,,,,,,
643273000,,,,,,
643275000,,,,,,
643275000,,,,,,
643275000,,,,,,
643275000,,,,,,
643275000,,,,,,
643275000,,,,,,
643275000,,,,,,
643275000,,,,,,
643275000,,,,,,
643275000,,,,,,
643275000,,,,,,
643275000,,,,,,
643275000,,,,,,
643280000,,,,,,
643280000,,,,,,
643280000,,,,,,
643280000,,,,,,
643280000,,,,,,
643280000,,,,,,
643286000,,,,,,
643286000,,,,,,
643286000,,,,,,
643290000,,,,,,
643292000,,,,,,
643292000,,,,,,
643292000,,,,,,
643292000,,,,,,
643292000,,,,,,
643292000,,,,,,
643292000,,,,,,
643292000,,,,,,
643292000,,,,,,
643342000,,,,,,
643342000,,,,,,
643342000,,,,,,
643342000,,,,,,
643342000,,,,,,
643342000,,,,,,
643342000,,,,,,
643347000,,,,,,
643347000,,,,,,
643347000,,,,,,
643347000,,,,,,
643347000,,,,,,
643347000,,,,,,
643347000,,,,,,
643347000,,,,,,
643347000,,,,,,
643347000,,,,,,
643347000,,,,,,
643347000,,,,,,
643347000,,,,,,
643347000,,,,,,
643347000,,,,,,
643353000,,,,,,
643353000,,,,,,
643353000,,,,,,
643353000,,,,,,
643353000,,,,,,
643353000,,,,,,
643353000,,,,,,
643353000,,,,,,
643353000,,,,,,
643353000,,,,,,
643353000,,,,,,
643353000,,,,,,
643353000,,,,,,
643353000,,,,,,
643353000,,,,,,
643353000,,,,,,
643358000,,,,,,
643358000,,,,,,
643358000,,,,,,
643358000,,,,,,
643358000,,,,,,
643364000,,,,,,
643364000,,,,,,
643364000,,,,,,
643364000,,,,,,
643364000,,,,,,
643364000,,,,,,
643364000,,,,,,
643364000,,,,,,
643369000,,,,,,
643369000,,,,,,
643369000,,,,,,
643374000,,,,,,
643374000,,,,,,
643374000,,,,,,
643374000,,,,,,
643374000,,,,,,
643374000,,,,,,
643374000,,,,,,
643374000,,,,,,
643374000,,,,,,
643374000,,,,,,
643374000,,,,,,
643374000,,,,,,
643374000,,,,,,
643374000,,,,,,
643374000,,,,,,
643374000,,,,,,
643374000,,,,,,
643374000,,,,,,
643374000,,,,,,
643374000,,,,,,
643374000,,,,,,
643374000,,,,,,
643374000,,,,,,
643374000,,,,,,
643378000,,,,,,
643378000,,,,,,
643378000,,,,,,
643378000,,,,,,
643378000,,,,,,
643378000,,,,,,
643378000,,,,,,
643378000,,,,,,
643378000,,,,,,
643378000,,,,,,
643378000,,,,,,
643378000,,,,,,
647203000,,,,,,
647203000,,,,,,
647203000,,,,,,
647203000,,,,,,
647203000,,,,,,
647211000,,,,,,
647211000,,,,,,
647211000,,,,,,
647211000,,,,,,
647211000,,,,,,
647211000,,,,,,
647211000,,,,,,
647211000,,,,,,
647217000,,,,,,
647217000,,,,,,
647217000,,,,,,
647217000,,,,,,
647217000,,,,,,
647217000,,,,,,
647217000,,,,,,
647217000,,,,,,
647217000,,,,,,
647217000,,,,,,
647217000,,,,,,
647217000,,,,,,
647217000,,,,,,
647217000,,,,,,
647217000,,,,,,
647217000,,,,,,
647217000,,,,,,
647217000,,,,,,
647217000,,,,,,
647217000,,,,,,
647217000,,,,,,
647224000,,,,,,
647224000,,,,,,
647224000,,,,,,
647224000,,,,,,
647224000,,,,,,
647224000,,,,,,
647224000,,,,,,
647224000,,,,,,
647224000,,,,,,
647224000,,,,,,
647224000,,,,,,
647229000,,,,,,
647229000,,,,,,
647230000,,,,,,
647230000,,,,,,
647230000,,,,,,
647234000,,,,,,
647235000,,,,,,
647235000,,,,,,
647235000,,,,,,
647235000,,,,,,
647235000,,,,,,
647235000,,,,,,
647235000,,,,,,
647235000,,,,,,
647243000,,,,,,
647243000,,,,,,
647243000,,,,,,
647243000,,,,,,
647243000,,,,,,
647243000,,,,,,
647249000,,,,,,
647249000,,,,,,
647254000,,,,,,
647254000,,,,,,
647254000,,,,,,
647254000,,,,,,
647254000,,,,,,
647254000,,,,,,
647254000,,,,,,
647254000,,,,,,
647254000,,,,,,
647258000,,,,,,
647258000,,,,,,
647258000,,,,,,
647258000,,,,,,
647264000,,,,,,
647264000,,,,,,
647264000,,,,,,
647264000,,,,,,
647264000,,,,,,
647264000,,,,,,
647269000,,,,,,
647274000,,,,,,
647274000,,,,,,
647274000,,,,,,
647274000,,,,,,
647274000,,,,,,
647274000,,,,,,
647274000,,,,,,
647286000,,,,,,
647286000,,,,,,
647286000,,,,,,
647290000,,,,,,
647290000,,,,,,
647290000,,,,,,
647290000,,,,,,
647290000,,,,,,
647290000,,,,,,
647290000,,,,,,
647290000,,,,,,
647290000,,,,,,
647290000,,,,,,
647290000,,,,,,
647290000,,,,,,
647298000,,,,,,
647302000,,,,,,
647302000,,,,,,
647302000,,,,,,
647302000,,,,,,
647307000,,,,,,
647307000,,,,,,
647307000,,,,,,
647307000,,,,,,
647307000,,,,,,
647307000,,,,,,
647307000,,,,,,
647311000,,,,,,
647311000,,,,,,
647311000,,,,,,
647317000,,,,,,
647319000,,,,,,
647319000,,,,,,
647319000,,,,,,
647319000,,,,,,
647319000,,,,,,
647319000,,,,,,
647319000,,,,,,
647319000,,,,,,
647319000,,,,,,
647325000,,,,,,
647325000,,,,,,
647325000,,,,,,
647325000,,,,,,
647325000,,,,,,
647331000,,,,,,
647331000,,,,,,
647331000,,,,,,
647331000,,,,,,
647331000,,,,,,
647331000,,,,,,
647331000,,,,,,
647331000,,,,,,
647336000,,,,,,
647339000,,,,,,
647339000,,,,,,
647339000,,,,,,
647339000,,,,,,
647339000,,,,,,
647339000,,,,,,
647339000,,,,,,
647339000,,,,,,
647344000,,,,,,
647344000,,,,,,
647344000,,,,,,
647344000,,,,,,
647344000,,,,,,
647349000,,,,,,
647349000,,,,,,
647350000,,,,,,
647350000,,,,,,
647350000,,,,,,
647355000,,,,,,
647355000,,,,,,
647355000,,,,,,
647355000,,,,,,
647355000,,,,,,
647355000,,,,,,
647355000,,,,,,
647355000,,,,,,
647355000,,,,,,
647355000,,,,,,
647355000,,,,,,
647355000,,,,,,
647355000,,,,,,
647355000,,,,,,
647361000,,,,,,
647361000,,,,,,
647361000,,,,,,
647376000,,,,,,
647376000,,,,,,
647376000,,,,,,
647376000,,,,,,
647376000,,,,,,
647384000,,,,,,
647384000,,,,,,
647384000,,,,,,
647384000,,,,,,
647388000,,,,,,
647388000,,,,,,
647388000,,,,,,
647396000,,,,,,
647396000,,,,,,
647396000,,,,,,
647401000,,,,,,
647401000,,,,,,
647401000,,,,,,
647401000,,,,,,
647401000,,,,,,
647401000,,,,,,
647401000,,,,,,
647406000,,,,,,
647406000,,,,,,
647406000,,,,,,
647410000,,,,,,
647410000,,,,,,
647410000,,,,,,
647410000,,,,,,
647410000,,,,,,
647415000,,,,,,
647415000,,,,,,
647415000,,,,,,
647415000,,,,,,
647415000,,,,,,
647415000,,,,,,
647415000,,,,,,
647415000,,,,,,
647415000,,,,,,
647415000,,,,,,
647415000,,,,,,
647419000,,,,,,
647419000,,,,,,
647419000,,,,,,
647419000,,,,,,
647419000,,,,,,
647419000,,,,,,
647419000,,,,,,
647419000,,,,,,
647419000,,,,,,
647419000,,,,,,
647419000,,,,,,
647419000,,,,,,
647419000,,,,,,
647419000,,,,,,
647419000,,,,,,
647424000,,,,,,
647424000,,,,,,
647424000,,,,,,
647428000,,,,,,
647428000,,,,,,
647428000,,,,,,
647428000,,,,,,
647428000,,,,,,
647428000,,,,,,
647428000,,,,,,
647428000,,,,,,
647428000,,,,,,
647428000,,,,,,
647428000,,,,,,
647428000,,,,,,
647428000,,,,,,
647428000,,,,,,
647428000,,,,,,
647428000,,,,,,
647428000,,,,,,
647428000,,,,,,
647428000,,,,,,
647428000,,,,,,
647428000,,,,,,
647428000,,,,,,
647433000,,,,,,
647433000,,,,,,
647433000,,,,,,
647433000,,,,,,
647441000,,,,,,
647441000,,,,,,
647441000,,,,,,
647441000,,,,,,
647441000,,,,,,
647441000,,,,,,
647443000,,,,,,
647443000,,,,,,
647443000,,,,,,
647444000,,,,,,
647444000,,,,,,
647446000,,,,,,
647446000,,,,,,
647446000,,,,,,
647446000,,,,,,
647446000,,,,,,
647446000,,,,,,
647446000,,,,,,
647446000,,,,,,
647451000,,,,,,
647451000,,,,,,
647451000,,,,,,
647451000,,,,,,
647451000,,,,,,
647451000,,,,,,
647451000,,,,,,
647451000,,,,,,
647451000,,,,,,
647451000,,,,,,
647451000,,,,,,
647451000,,,,,,
647451000,,,,,,
647451000,,,,,,
647451000,,,,,,
647456000,,,,,,
647456000,,,,,,
647456000,,,,,,
647473000,,,,,,
647473000,,,,,,
647473000,,,,,,
647473000,,,,,,
647477000,,,,,,
647477000,,,,,,
647477000,,,,,,
647477000,,,,,,
647477000,,,,,,
647477000,,,,,,
647477000,,,,,,
647477000,,,,,,
647477000,,,,,,
647477000,,,,,,
647477000,,,,,,
647477000,,,,,,
647481000,,,,,,
647481000,,,,,,
647481000,,,,,,
647481000,,,,,,
647481000,,,,,,
647482000,,,,,,
647482000,,,,,,
647482000,,,,,,
647482000,,,,,,
647485000,,,,,,
647485000,,,,,,
647485000,,,,,,
647485000,,,,,,
647485000,,,,,,
647485000,,,,,,
647485000,,,,,,
647485000,,,,,,
647485000,,,,,,
647485000,,,,,,
647489000,,,,,,
647489000,,,,,,
647489000,,,,,,
647489000,,,,,,
647489000,,,,,,
647489000,,,,,,
647489000,,,,,,
647489000,,,,,,
647493000,,,,,,
647493000,,,,,,
647493000,,,,,,
647566000,,,,,,
647566000,,,,,,
647566000,,,,,,
647566000,,,,,,
647566000,,,,,,
647571000,,,,,,
647571000,,,,,,
647571000,,,,,,
647571000,,,,,,
647571000,,,,,,
647571000,,,,,,
647571000,,,,,,
647571000,,,,,,
647571000,,,,,,
647575000,,,,,,
647575000,,,,,,
647578000,,,,,,
647580000,,,,,,
647580000,,,,,,
647580000,,,,,,
647580000,,,,,,
647580000,,,,,,
647580000,,,,,,
647580000,,,,,,
647585000,,,,,,
647585000,,,,,,
647585000,,,,,,
647585000,,,,,,
647585000,,,,,,
647585000,,,,,,
647585000,,,,,,
647585000,,,,,,
647589000,,,,,,
647589000,,,,,,
647589000,,,,,,
647589000,,,,,,
647589000,,,,,,
647589000,,,,,,
647589000,,,,,,
647589000,,,,,,
647593000,,,,,,
647593000,,,,,,
647593000,,,,,,
647598000,,,,,,
647598000,,,,,,
647598000,,,,,,
647598000,,,,,,
647598000,,,,,,
647598000,,,,,,
647598000,,,,,,
647602000,,,,,,
647602000,,,,,,
647602000,,,,,,
647602000,,,,,,
647602000,,,,,,
647602000,,,,,,
647602000,,,,,,
647606000,,,,,,
647606000,,,,,,
647606000,,,,,,
647606000,,,,,,
647606000,,,,,,
647606000,,,,,,
647606000,,,,,,
647606000,,,,,,
647612000,,,,,,
647613000,,,,,,
647613000,,,,,,
647613000,,,,,,
647613000,,,,,,
647619000,,,,,,
647619000,,,,,,
647619000,,,,,,
647619000,,,,,,
647619000,,,,,,
647619000,,,,,,
647619000,,,,,,
647619000,,,,,,
647619000,,,,,,
647619000,,,,,,
647619000,,,,,,
647619000,,,,,,
647619000,,,,,,
647619000,,,,,,
647619000,,,,,,
647619000,,,,,,
647619000,,,,,,
647619000,,,,,,
647619000,,,,,,
647619000,,,,,,
647625000,,,,,,
647625000,,,,,,
647625000,,,,,,
647625000,,,,,,
647625000,,,,,,
647625000,,,,,,
647625000,,,,,,
647625000,,,,,,
647625000,,,,,,
647625000,,,,,,
647625000,,,,,,
647625000,,,,,,
647625000,,,,,,
647625000,,,,,,
647625000,,,,,,
647629000,,,,,,
647629000,,,,,,
647629000,,,,,,
647630000,,,,,,
647633000,,,,,,
647633000,,,,,,
647633000,,,,,,
647633000,,,,,,
647633000,,,,,,
647636000,,,,,,
647636000,,,,,,
647637000,,,,,,
647637000,,,,,,
647640000,,,,,,
647640000,,,,,,
647643000,,,,,,
647643000,,,,,,
647643000,,,,,,
647643000,,,,,,
647647000,,,,,,
647647000,,,,,,
647647000,,,,,,
647647000,,,,,,
647647000,,,,,,
647652000,,,,,,
647652000,,,,,,
647652000,,,,,,
647652000,,,,,,
647655000,,,,,,
647655000,,,,,,
647655000,,,,,,
647655000,,,,,,
647655000,,,,,,
647655000,,,,,,
647655000,,,,,,
647655000,,,,,,
647661000,,,,,,
647661000,,,,,,
647661000,,,,,,
647661000,,,,,,
647661000,,,,,,
647661000,,,,,,
647661000,,,,,,
647666000,,,,,,
647666000,,,,,,
647666000,,,,,,
647666000,,,,,,
647666000,,,,,,
647666000,,,,,,
647666000,,,,,,
647666000,,,,,,
647666000,,,,,,
647669000,,,,,,
647669000,,,,,,
647669000,,,,,,
647669000,,,,,,
647669000,,,,,,
647669000,,,,,,
647669000,,,,,,
647669000,,,,,,
647669000,,,,,,
647669000,,,,,,
647674000,,,,,,
647674000,,,,,,
647674000,,,,,,
647674000,,,,,,
647674000,,,,,,
647674000,,,,,,
647677000,,,,,,
647677000,,,,,,
647677000,,,,,,
647677000,,,,,,
647677000,,,,,,
647677000,,,,,,
647677000,,,,,,
647677000,,,,,,
647677000,,,,,,
647680000,,,,,,
647680000,,,,,,
647680000,,,,,,
647680000,,,,,,
647680000,,,,,,
647680000,,,,,,
647680000,,,,,,
647688000,,,,,,
647688000,,,,,,
647688000,,,,,,
647688000,,,,,,
647688000,,,,,,
647688000,,,,,,
647688000,,,,,,
647688000,,,,,,
647688000,,,,,,
647688000,,,,,,
647688000,,,,,,
647688000,,,,,,
647688000,,,,,,
647692000,,,,,,
647692000,,,,,,
647692000,,,,,,
647692000,,,,,,
647692000,,,,,,
647692000,,,,,,
647692000,,,,,,
647692000,,,,,,
647695000,,,,,,
647695000,,,,,,
647695000,,,,,,
647695000,,,,,,
647695000,,,,,,
647695000,,,,,,
647695000,,,,,,
647695000,,,,,,
647695000,,,,,,
647695000,,,,,,
647695000,,,,,,
647701000,,,,,,
647701000,,,,,,
647701000,,,,,,
647701000,,,,,,
647701000,,,,,,
647701000,,,,,,
647705000,,,,,,
647705000,,,,,,
647712000,,,,,,
647712000,,,,,,
647712000,,,,,,
647715000,,,,,,
647715000,,,,,,
647715000,,,,,,
647715000,,,,,,
647715000,,,,,,
647720000,,,,,,
647720000,,,,,,
647720000,,,,,,
647720000,,,,,,
647720000,,,,,,
647720000,,,,,,
647720000,,,,,,
647720000,,,,,,
647720000,,,,,,
647720000,,,,,,
647729000,,,,,,
647729000,,,,,,
647729000,,,,,,
647729000,,,,,,
647729000,,,,,,
647729000,,,,,,
647729000,,,,,,
647729000,,,,,,
647729000,,,,,,
647733000,,,,,,
647733000,,,,,,
647733000,,,,,,
647733000,,,,,,
647733000,,,,,,
647733000,,,,,,
647733000,,,,,,
647733000,,,,,,
647733000,,,,,,
647733000,,,,,,
647738000,,,,,,
647738000,,,,,,
647738000,,,,,,
647738000,,,,,,
647738000,,,,,,
647743000,,,,,,
647743000,,,,,,
647743000,,,,,,
647743000,,,,,,
647743000,,,,,,
647743000,,,,,,
647747000,,,,,,
647759000,,,,,,
647759000,,,,,,
647759000,,,,,,
647759000,,,,,,
647759000,,,,,,
647759000,,,,,,
647761000,,,,,,
647761000,,,,,,
647761000,,,,,,
647761000,,,,,,
647764000,,,,,,
647764000,,,,,,
647764000,,,,,,
647764000,,,,,,
647764000,,,,,,
647764000,,,,,,
647764000,,,,,,
647764000,,,,,,
647764000,,,,,,
647764000,,,,,,
647764000,,,,,,
647764000,,,,,,
647764000,,,,,,
647764000,,,,,,
647764000,,,,,,
647764000,,,,,,
647764000,,,,,,
647764000,,,,,,
647764000,,,,,,
647764000,,,,,,
647768000,,,,,,
647768000,,,,,,
647768000,,,,,,
647768000,,,,,,
647772000,,,,,,
647772000,,,,,,
647772000,,,,,,
647772000,,,,,,
647772000,,,,,,
647774000,,,,,,
647774000,,,,,,
647774000,,,,,,
647774000,,,,,,
647774000,,,,,,
647774000,,,,,,
647774000,,,,,,
647774000,,,,,,
647774000,,,,,,
647774000,,,,,,
647774000,,,,,,
647774000,,,,,,
647782000,,,,,,
647782000,,,,,,
647782000,,,,,,
647782000,,,,,,
647782000,,,,,,
647782000,,,,,,
647782000,,,,,,
647782000,,,,,,
647782000,,,,,,
647782000,,,,,,
647782000,,,,,,
647782000,,,,,,
647782000,,,,,,
647782000,,,,,,
647782000,,,,,,
647782000,,,,,,
647782000,,,,,,
647782000,,,,,,
647782000,,,,,,
647782000,,,,,,
647782000,,,,,,
647785000,,,,,,
647785000,,,,,,
647785000,,,,,,
647785000,,,,,,
647785000,,,,,,
647786000,,,,,,
647786000,,,,,,
647786000,,,,,,
647786000,,,,,,
647786000,,,,,,
647786000,,,,,,
647786000,,,,,,
647786000,,,,,,
647786000,,,,,,
647786000,,,,,,
647786000,,,,,,
647786000,,,,,,
647786000,,,,,,
647786000,,,,,,
647791000,,,,,,
647791000,,,,,,
647791000,,,,,,
647791000,,,,,,
647791000,,,,,,
647791000,,,,,,
647791000,,,,,,
647794000,,,,,,
647794000,,,,,,
647794000,,,,,,
647794000,,,,,,
647797000,,,,,,
647797000,,,,,,
647797000,,,,,,
647797000,,,,,,
647797000,,,,,,
647802000,,,,,,
647802000,,,,,,
647802000,,,,,,
647802000,,,,,,
647802000,,,,,,
647802000,,,,,,
647802000,,,,,,
647802000,,,,,,
647810000,,,,,,
647811000,,,,,,
647811000,,,,,,
647811000,,,,,,
647811000,,,,,,
647811000,,,,,,
647811000,,,,,,
647811000,,,,,,
647813000,,,,,,
647813000,,,,,,
647813000,,,,,,
647813000,,,,,,
647813000,,,,,,
647813000,,,,,,
647813000,,,,,,
647813000,,,,,,
647825000,,,,,,
647825000,,,,,,
647825000,,,,,,
647825000,,,,,,
647825000,,,,,,
647828000,,,,,,
647828000,,,,,,
647830000,,,,,,
647832000,,,,,,
647832000,,,,,,
647832000,,,,,,
647832000,,,,,,
647832000,,,,,,
647832000,,,,,,
647836000,,,,,,
647837000,,,,,,
647837000,,,,,,
647837000,,,,,,
647837000,,,,,,
647840000,,,,,,
647840000,,,,,,
647840000,,,,,,
647840000,,,,,,
647841000,,,,,,
647841000,,,,,,
647841000,,,,,,
647841000,,,,,,
647841000,,,,,,
647841000,,,,,,
647841000,,,,,,
647841000,,,,,,
647841000,,,,,,
647841000,,,,,,
647843000,,,,,,
647843000,,,,,,
647843000,,,,,,
647843000,,,,,,
647843000,,,,,,
647843000,,,,,,
647843000,,,,,,
647843000,,,,,,
647843000,,,,,,
647851000,,,,,,
647851000,,,,,,
647851000,,,,,,
647852000,,,,,,
647852000,,,,,,
647852000,,,,,,
647852000,,,,,,
647852000,,,,,,
647852000,,,,,,
647852000,,,,,,
647852000,,,,,,
647852000,,,,,,
647852000,,,,,,
647852000,,,,,,
647861000,,,,,,
647861000,,,,,,
647861000,,,,,,
647861000,,,,,,
647873000,,,,,,
647873000,,,,,,
647873000,,,,,,
647873000,,,,,,
647873000,,,,,,
647873000,,,,,,
647873000,,,,,,
647873000,,,,,,
647877000,,,,,,
647877000,,,,,,
647877000,,,,,,
647877000,,,,,,
647877000,,,,,,
647877000,,,,,,
647881000,,,,,,
647882000,,,,,,
647891000,,,,,,
647891000,,,,,,
647892000,,,,,,
647892000,,,,,,
647892000,,,,,,
647892000,,,,,,
647892000,,,,,,
647897000,,,,,,
647897000,,,,,,
647897000,,,,,,
647897000,,,,,,
647897000,,,,,,
647900000,,,,,,
647900000,,,,,,
647900000,,,,,,
647900000,,,,,,
647900000,,,,,,
647900000,,,,,,
647900000,,,,,,
647900000,,,,,,
647900000,,,,,,
647904000,,,,,,
647904000,,,,,,
647904000,,,,,,
647904000,,,,,,
647904000,,,,,,
647904000,,,,,,
647904000,,,,,,
647912000,,,,,,
647912000,,,,,,
647912000,,,,,,
647912000,,,,,,
647912000,,,,,,
647912000,,,,,,
647912000,,,,,,
647912000,,,,,,
647912000,,,,,,
647912000,,,,,,
647912000,,,,,,
647917000,,,,,,
647917000,,,,,,
647917000,,,,,,
647922000,,,,,,
647922000,,,,,,
647922000,,,,,,
647922000,,,,,,
647925000,,,,,,
647925000,,,,,,
647928000,,,,,,
647928000,,,,,,
647928000,,,,,,
647928000,,,,,,
647928000,,,,,,
647928000,,,,,,
647928000,,,,,,
647928000,,,,,,
647928000,,,,,,
647931000,,,,,,
647931000,,,,,,
647931000,,,,,,
647931000,,,,,,
647931000,,,,,,
647931000,,,,,,
647931000,,,,,,
647931000,,,,,,
647931000,,,,,,
647931000,,,,,,
647931000,,,,,,
647935000,,,,,,
647935000,,,,,,
647935000,,,,,,
647935000,,,,,,
647935000,,,,,,
647935000,,,,,,
647935000,,,,,,
647935000,,,,,,
647935000,,,,,,
647935000,,,,,,
647935000,,,,,,
647935000,,,,,,
647940000,,,,,,
647940000,,,,,,
647940000,,,,,,
647944000,,,,,,
647944000,,,,,,
647944000,,,,,,
647944000,,,,,,
647944000,,,,,,
647944000,,,,,,
647944000,,,,,,
647944000,,,,,,
647944000,,,,,,
647944000,,,,,,
647944000,,,,,,
647944000,,,,,,
647944000,,,,,,
647944000,,,,,,
647944000,,,,,,
647944000,,,,,,
647944000,,,,,,
647944000,,,,,,
647944000,,,,,,
647944000,,,,,,
647944000,,,,,,
647954000,,,,,,
647954000,,,,,,
647954000,,,,,,
647954000,,,,,,
647954000,,,,,,
647954000,,,,,,
647954000,,,,,,
647954000,,,,,,
647957000,,,,,,
647957000,,,,,,
647957000,,,,,,
647957000,,,,,,
647957000,,,,,,
647957000,,,,,,
647957000,,,,,,
647957000,,,,,,
647957000,,,,,,
647957000,,,,,,
647957000,,,,,,
647957000,,,,,,
647966000,,,,,,
647966000,,,,,,
647966000,,,,,,
647966000,,,,,,
647966000,,,,,,
647966000,,,,,,
647976000,,,,,,
647976000,,,,,,
647976000,,,,,,
647976000,,,,,,
647979000,,,,,,
647979000,,,,,,
647979000,,,,,,
647979000,,,,,,
647979000,,,,,,
647979000,,,,,,
647979000,,,,,,
647979000,,,,,,
647979000,,,,,,
647979000,,,,,,
647979000,,,,,,
647979000,,,,,,
647979000,,,,,,
647981000,,,,,,
647981000,,,,,,
647981000,,,,,,
647981000,,,,,,
647984000,,,,,,
647984000,,,,,,
647984000,,,,,,
647984000,,,,,,
647984000,,,,,,
647989000,,,,,,
647989000,,,,,,
647989000,,,,,,
647989000,,,,,,
647989000,,,,,,
647992000,,,,,,
647992000,,,,,,
647992000,,,,,,
650810000,,,,,,
650810000,,,,,,
650810000,,,,,,
650810000,,,,,,
650810000,,,,,,
650810000,,,,,,
650810000,,,,,,
650810000,,,,,,
650810000,,,,,,
650810000,,,,,,
650810000,,,,,,
650810000,,,,,,
650810000,,,,,,
650810000,,,,,,
650810000,,,,,,
650810000,,,,,,
650810000,,,,,,
650810000,,,,,,
650810000,,,,,,
650810000,,,,,,
650810000,,,,,,
650810000,,,,,,
650810000,,,,,,
650810000,,,,,,
650810000,,,,,,
650810000,,,,,,
650810000,,,,,,
650810000,,,,,,
650810000,,,,,,
650810000,,,,,,
650810000,,,,,,
650810000,,,,,,
650810000,,,,,,
650810000,,,,,,
650810000,,,,,,
650810000,,,,,,
650810000,,,,,,
650810000,,,,,,
650810000,,,,,,
650810000,,,,,,
650810000,,,,,,
650810000,,,,,,
650810000,,,,,,
650810000,,,,,,
650810000,,,,,,
650810000,,,,,,
650810000,,,,,,
650810000,,,,,,
650810000,,,,,,
650810000,,,,,,
650810000,,,,,,
650810000,,,,,,
650810000,,,,,,
650810000,,,,,,
650810000,,,,,,
650810000,,,,,,
650810000,,,,,,
650810000,,,,,,
650810000,,,,,,
650810000,,,,,,
650810000,,,,,,
650810000,,,,,,
650810000,,,,,,
650810000,,,,,,
650810000,,,,,,
650810000,,,,,,
650810000,,,,,,
650810000,,,,,,
650810000,,,,,,
650810000,,,,,,
650810000,,,,,,
650810000,,,,,,
650810000,,,,,,
650810000,,,,,,
650810000,,,,,,
650810000,,,,,,
650810000,,,,,,
650810000,,,,,,
650810000,,,,,,
650810000,,,,,,
650810000,,,,,,
650810000,,,,,,
650810000,,,,,,
650810000,,,,,,
650810000,,,,,,
650810000,,,,,,
650810000,,,,,,
650810000,,,,,,
650810000,,,,,,
650810000,,,,,,
650810000,,,,,,
650810000,,,,,,
650810000,,,,,,
650810000,,,,,,
650810000,,,,,,
650810000,,,,,,
650810000,,,,,,
650810000,,,,,,
650810000,,,,,,
650810000,,,,,,
650810000,,,,,,
650817000,,,,,,
650817000,,,,,,
650817000,,,,,,
650817000,,,,,,
650817000,,,,,,
650817000,,,,,,
650817000,,,,,,
650817000,,,,,,
650817000,,,,,,
650817000,,,,,,
650817000,,,,,,
650817000,,,,,,
650817000,,,,,,
650817000,,,,,,
650817000,,,,,,
650817000,,,,,,
650817000,,,,,,
650817000,,,,,,
650817000,,,,,,
650817000,,,,,,
650817000,,,,,,
650817000,,,,,,
650817000,,,,,,
650817000,,,,,,
650817000,,,,,,
650817000,,,,,,
650817000,,,,,,
650817000,,,,,,
650817000,,,,,,
650817000,,,,,,
650817000,,,,,,
650817000,,,,,,
650817000,,,,,,
650817000,,,,,,
650817000,,,,,,
650817000,,,,,,
650817000,,,,,,
650817000,,,,,,
650817000,,,,,,
650817000,,,,,,
650817000,,,,,,
650823000,,,,,,
650823000,,,,,,
650823000,,,,,,
650829000,,,,,,
650829000,,,,,,
650829000,,,,,,
650829000,,,,,,
650829000,,,,,,
650832000,,,,,,
650832000,,,,,,
650832000,,,,,,
650834000,,,,,,
650839000,,,,,,
650839000,,,,,,
650839000,,,,,,
650839000,,,,,,
650839000,,,,,,
650839000,,,,,,
650842000,,,,,,
650842000,,,,,,
650842000,,,,,,
650842000,,,,,,
650842000,,,,,,
650842000,,,,,,
650842000,,,,,,
650847000,,,,,,
650847000,,,,,,
650850000,,,,,,
650850000,,,,,,
650850000,,,,,,
650850000,,,,,,
650850000,,,,,,
650850000,,,,,,
650850000,,,,,,
650850000,,,,,,
650850000,,,,,,
650850000,,,,,,
650850000,,,,,,
650850000,,,,,,
650850000,,,,,,
650850000,,,,,,
650850000,,,,,,
650850000,,,,,,
650850000,,,,,,
650850000,,,,,,
650850000,,,,,,
650850000,,,,,,
650850000,,,,,,
650850000,,,,,,
650850000,,,,,,
650854000,,,,,,
650854000,,,,,,
650854000,,,,,,
650854000,,,,,,
650854000,,,,,,
650854000,,,,,,
650854000,,,,,,
650854000,,,,,,
650854000,,,,,,
650854000,,,,,,
650854000,,,,,,
650854000,,,,,,
650854000,,,,,,
650854000,,,,,,
650854000,,,,,,
650854000,,,,,,
650854000,,,,,,
650854000,,,,,,
650854000,,,,,,
650854000,,,,,,
650854000,,,,,,
650854000,,,,,,
650854000,,,,,,
650858000,,,,,,
650858000,,,,,,
650858000,,,,,,
650858000,,,,,,
650863000,,,,,,
650863000,,,,,,
650863000,,,,,,
650863000,,,,,,
650863000,,,,,,
650863000,,,,,,
650863000,,,,,,
650863000,,,,,,
650863000,,,,,,
650863000,,,,,,
650863000,,,,,,
650866000,,,,,,
650866000,,,,,,
650866000,,,,,,
650866000,,,,,,
650866000,,,,,,
650868000,,,,,,
650868000,,,,,,
650868000,,,,,,
650868000,,,,,,
650868000,,,,,,
650868000,,,,,,
650868000,,,,,,
650868000,,,,,,
650868000,,,,,,
650876000,,,,,,
650876000,,,,,,
650876000,,,,,,
650876000,,,,,,
650883000,,,,,,
650883000,,,,,,
650883000,,,,,,
650883000,,,,,,
650883000,,,,,,
650883000,,,,,,
650886000,,,,,,
650886000,,,,,,
650886000,,,,,,
650886000,,,,,,
650886000,,,,,,
650886000,,,,,,
650886000,,,,,,
650886000,,,,,,
650886000,,,,,,
650886000,,,,,,
650886000,,,,,,
650886000,,,,,,
650886000,,,,,,
650886000,,,,,,
650886000,,,,,,
650886000,,,,,,
650886000,,,,,,
650886000,,,,,,
650886000,,,,,,
650886000,,,,,,
650886000,,,,,,
650886000,,,,,,
650886000,,,,,,
650886000,,,,,,
650888000,,,,,,
650888000,,,,,,
650888000,,,,,,
650891000,,,,,,
650891000,,,,,,
650891000,,,,,,
650891000,,,,,,
650891000,,,,,,
650891000,,,,,,
650891000,,,,,,
650891000,,,,,,
650891000,,,,,,
650891000,,,,,,
650891000,,,,,,
650891000,,,,,,
650891000,,,,,,
650891000,,,,,,
650891000,,,,,,
650891000,,,,,,
650891000,,,,,,
650891000,,,,,,
650891000,,,,,,
650891000,,,,,,
650891000,,,,,,
650891000,,,,,,
650891000,,,,,,
650893000,,,,,,
650893000,,,,,,
650893000,,,,,,
650893000,,,,,,
650893000,,,,,,
650893000,,,,,,
650893000,,,,,,
650899000,,,,,,
650899000,,,,,,
650899000,,,,,,
650899000,,,,,,
650899000,,,,,,
650899000,,,,,,
650899000,,,,,,
650899000,,,,,,
650899000,,,,,,
650899000,,,,,,
650899000,,,,,,
650905000,,,,,,
650905000,,,,,,
650905000,,,,,,
650905000,,,,,,
650905000,,,,,,
650905000,,,,,,
650905000,,,,,,
650905000,,,,,,
650905000,,,,,,
650905000,,,,,,
650908000,,,,,,
650908000,,,,,,
650908000,,,,,,
650910000,,,,,,
650910000,,,,,,
650910000,,,,,,
650910000,,,,,,
650910000,,,,,,
650910000,,,,,,
650910000,,,,,,
650910000,,,,,,
650910000,,,,,,
650910000,,,,,,
650912000,,,,,,
650912000,,,,,,
650914000,,,,,,
650914000,,,,,,
650914000,,,,,,
650914000,,,,,,
650914000,,,,,,
650914000,,,,,,
650914000,,,,,,
650914000,,,,,,
650917000,,,,,,
650917000,,,,,,
650917000,,,,,,
650917000,,,,,,
650918000,,,,,,
650918000,,,,,,
650918000,,,,,,
650918000,,,,,,
650922000,,,,,,
650922000,,,,,,
650922000,,,,,,
650922000,,,,,,
650925000,,,,,,
650925000,,,,,,
650925000,,,,,,
650925000,,,,,,
650925000,,,,,,
650925000,,,,,,
650925000,,,,,,
650925000,,,,,,
650925000,,,,,,
650925000,,,,,,
650929000,,,,,,
650929000,,,,,,
650929000,,,,,,
650929000,,,,,,
650929000,,,,,,
650929000,,,,,,
650929000,,,,,,
650929000,,,,,,
650929000,,,,,,
650929000,,,,,,
650929000,,,,,,
650929000,,,,,,
650929000,,,,,,
650929000,,,,,,
650929000,,,,,,
650929000,,,,,,
650929000,,,,,,
650929000,,,,,,
650939000,,,,,,
650939000,,,,,,
650939000,,,,,,
650939000,,,,,,
650939000,,,,,,
650939000,,,,,,
650939000,,,,,,
650939000,,,,,,
650939000,,,,,,
650939000,,,,,,
650939000,,,,,,
650939000,,,,,,
650939000,,,,,,
650939000,,,,,,
650939000,,,,,,
650939000,,,,,,
650939000,,,,,,
650939000,,,,,,
650939000,,,,,,
650939000,,,,,,
650939000,,,,,,
650939000,,,,,,
650939000,,,,,,
650939000,,,,,,
650939000,,,,,,
650939000,,,,,,
650943000,,,,,,
650943000,,,,,,
650943000,,,,,,
650947000,,,,,,
650947000,,,,,,
650947000,,,,,,
650956000,,,,,,
650956000,,,,,,
650956000,,,,,,
650956000,,,,,,
650956000,,,,,,
650956000,,,,,,
650956000,,,,,,
650956000,,,,,,
650974000,,,,,,
650974000,,,,,,
650974000,,,,,,
650974000,,,,,,
650974000,,,,,,
650974000,,,,,,
650974000,,,,,,
650974000,,,,,,
650974000,,,,,,
650974000,,,,,,
650974000,,,,,,
650974000,,,,,,
650974000,,,,,,
650974000,,,,,,
650974000,,,,,,
650974000,,,,,,
650974000,,,,,,
650974000,,,,,,
650974000,,,,,,
650974000,,,,,,
650974000,,,,,,
650974000,,,,,,
650974000,,,,,,
650974000,,,,,,
650974000,,,,,,
650974000,,,,,,
650974000,,,,,,
650974000,,,,,,
650974000,,,,,,
650978000,,,,,,
650978000,,,,,,
650978000,,,,,,
650978000,,,,,,
650978000,,,,,,
650978000,,,,,,
650982000,,,,,,
650982000,,,,,,
650982000,,,,,,
650982000,,,,,,
650982000,,,,,,
650982000,,,,,,
650986000,,,,,,
650986000,,,,,,
650986000,,,,,,
650986000,,,,,,
650990000,,,,,,
650990000,,,,,,
650990000,,,,,,
650990000,,,,,,
650990000,,,,,,
650990000,,,,,,
650992000,,,,,,
650992000,,,,,,
650992000,,,,,,
650992000,,,,,,
650992000,,,,,,
650992000,,,,,,
650994000,,,,,,
650994000,,,,,,
650994000,,,,,,
650994000,,,,,,
650994000,,,,,,
650994000,,,,,,
650994000,,,,,,
650996000,,,,,,
650996000,,,,,,
650996000,,,,,,
650996000,,,,,,
650996000,,,,,,
650996000,,,,,,
650996000,,,,,,
650996000,,,,,,
650996000,,,,,,
650996000,,,,,,
650996000,,,,,,
650996000,,,,,,
650996000,,,,,,
650996000,,,,,,
650996000,,,,,,
650996000,,,,,,
650996000,,,,,,
650996000,,,,,,
650996000,,,,,,
650996000,,,,,,
650996000,,,,,,
650996000,,,,,,
650998000,,,,,,
650998000,,,,,,
650998000,,,,,,
650998000,,,,,,
650998000,,,,,,
650998000,,,,,,
650998000,,,,,,
650998000,,,,,,
650998000,,,,,,
651000000,,,,,,
651000000,,,,,,
651000000,,,,,,
651000000,,,,,,
651000000,,,,,,
651000000,,,,,,
651000000,,,,,,
651000000,,,,,,
651000000,,,,,,
651000000,,,,,,
651002000,,,,,,
651002000,,,,,,
651002000,,,,,,
651002000,,,,,,
651002000,,,,,,
651002000,,,,,,
651002000,,,,,,
651002000,,,,,,
651002000,,,,,,
651002000,,,,,,
651002000,,,,,,
651002000,,,,,,
651002000,,,,,,
651004000,,,,,,
651004000,,,,,,
651012000,,,,,,
651012000,,,,,,
651012000,,,,,,
651012000,,,,,,
651012000,,,,,,
651016000,,,,,,
651016000,,,,,,
651016000,,,,,,
651016000,,,,,,
651016000,,,,,,
651016000,,,,,,
651016000,,,,,,
651016000,,,,,,
651016000,,,,,,
651016000,,,,,,
651016000,,,,,,
651016000,,,,,,
651016000,,,,,,
651016000,,,,,,
651016000,,,,,,
651018000,,,,,,
651018000,,,,,,
651018000,,,,,,
651018000,,,,,,
651018000,,,,,,
651018000,,,,,,
651018000,,,,,,
651018000,,,,,,
651018000,,,,,,
651018000,,,,,,
651018000,,,,,,
651018000,,,,,,
651018000,,,,,,
651018000,,,,,,
651023000,,,,,,
651023000,,,,,,
651023000,,,,,,
651023000,,,,,,
651023000,,,,,,
651023000,,,,,,
651023000,,,,,,
651023000,,,,,,
651023000,,,,,,
651023000,,,,,,
651023000,,,,,,
651023000,,,,,,
651023000,,,,,,
651030000,,,,,,
651030000,,,,,,
651030000,,,,,,
651030000,,,,,,
651030000,,,,,,
651030000,,,,,,
651030000,,,,,,
651030000,,,,,,
651030000,,,,,,
651030000,,,,,,
651030000,,,,,,
651030000,,,,,,
651030000,,,,,,
651030000,,,,,,
651030000,,,,,,
651030000,,,,,,
651037000,,,,,,
651037000,,,,,,
651037000,,,,,,
651037000,,,,,,
651037000,,,,,,
651037000,,,,,,
651037000,,,,,,
651037000,,,,,,
651037000,,,,,,
651037000,,,,,,
651037000,,,,,,
651037000,,,,,,
651041000,,,,,,
651041000,,,,,,
651041000,,,,,,
651041000,,,,,,
651045000,,,,,,
651045000,,,,,,
651045000,,,,,,
651045000,,,,,,
651045000,,,,,,
651045000,,,,,,
651045000,,,,,,
651045000,,,,,,
651045000,,,,,,
651045000,,,,,,
651045000,,,,,,
651046000,,,,,,
651046000,,,,,,
651046000,,,,,,
651054000,,,,,,
651054000,,,,,,
651054000,,,,,,
651054000,,,,,,
651054000,,,,,,
651054000,,,,,,
651054000,,,,,,
651054000,,,,,,
651054000,,,,,,
651054000,,,,,,
651054000,,,,,,
651054000,,,,,,
651056000,,,,,,
651056000,,,,,,
651056000,,,,,,
651060000,,,,,,
651060000,,,,,,
651060000,,,,,,
651060000,,,,,,
651060000,,,,,,
651060000,,,,,,
651060000,,,,,,
651060000,,,,,,
651060000,,,,,,
651060000,,,,,,
651060000,,,,,,
651060000,,,,,,
651062000,,,,,,
651062000,,,,,,
651062000,,,,,,
651062000,,,,,,
651062000,,,,,,
651062000,,,,,,
651062000,,,,,,
651062000,,,,,,
651064000,,,,,,
651064000,,,,,,
651064000,,,,,,
651064000,,,,,,
651064000,,,,,,
651064000,,,,,,
651068000,,,,,,
651068000,,,,,,
651068000,,,,,,
651071000,,,,,,
651071000,,,,,,
651071000,,,,,,
651071000,,,,,,
651071000,,,,,,
651071000,,,,,,
651073000,,,,,,
651073000,,,,,,
651073000,,,,,,
651073000,,,,,,
651073000,,,,,,
651073000,,,,,,
651073000,,,,,,
651073000,,,,,,
651073000,,,,,,
651073000,,,,,,
651073000,,,,,,
651073000,,,,,,
651073000,,,,,,
651073000,,,,,,
651073000,,,,,,
651073000,,,,,,
651073000,,,,,,
651073000,,,,,,
651073000,,,,,,
651073000,,,,,,
651073000,,,,,,
651073000,,,,,,
651073000,,,,,,
651073000,,,,,,
651073000,,,,,,
651078000,,,,,,
651078000,,,,,,
651078000,,,,,,
651082000,,,,,,
651082000,,,,,,
651082000,,,,,,
651082000,,,,,,
651082000,,,,,,
651082000,,,,,,
651082000,,,,,,
651082000,,,,,,
651082000,,,,,,
651088000,,,,,,
651088000,,,,,,
651088000,,,,,,
651093000,,,,,,
651093000,,,,,,
651093000,,,,,,
651093000,,,,,,
651093000,,,,,,
651093000,,,,,,
651093000,,,,,,
651093000,,,,,,
651093000,,,,,,
651097000,,,,,,
651097000,,,,,,
651101000,,,,,,
651101000,,,,,,
651101000,,,,,,
651101000,,,,,,
651105000,,,,,,
651105000,,,,,,
651105000,,,,,,
651105000,,,,,,
651113000,,,,,,
651119000,,,,,,
651119000,,,,,,
651127000,,,,,,
651127000,,,,,,
651127000,,,,,,
651127000,,,,,,
651127000,,,,,,
651127000,,,,,,
651127000,,,,,,
651127000,,,,,,
651127000,,,,,,
651127000,,,,,,
651127000,,,,,,
651127000,,,,,,
651127000,,,,,,
651127000,,,,,,
651133000,,,,,,
651133000,,,,,,
651133000,,,,,,
651133000,,,,,,
651133000,,,,,,
651133000,,,,,,
651133000,,,,,,
651133000,,,,,,
651133000,,,,,,
651133000,,,,,,
651141000,,,,,,
651141000,,,,,,
651141000,,,,,,
651141000,,,,,,
651141000,,,,,,
651141000,,,,,,
651141000,,,,,,
651141000,,,,,,
651141000,,,,,,
651141000,,,,,,
651141000,,,,,,
651141000,,,,,,
651141000,,,,,,
651141000,,,,,,
651141000,,,,,,
651141000,,,,,,
651141000,,,,,,
651141000,,,,,,
651141000,,,,,,
651141000,,,,,,
651141000,,,,,,
651141000,,,,,,
651141000,,,,,,
651141000,,,,,,
651141000,,,,,,
651141000,,,,,,
651141000,,,,,,
651141000,,,,,,
651141000,,,,,,
651141000,,,,,,
651141000,,,,,,
651141000,,,,,,
651141000,,,,,,
651141000,,,,,,
651143000,,,,,,
651143000,,,,,,
651143000,,,,,,
651145000,,,,,,
651145000,,,,,,
651145000,,,,,,
651148000,,,,,,
651148000,,,,,,
651148000,,,,,,
651148000,,,,,,
651148000,,,,,,
651148000,,,,,,
651160000,,,,,,
651160000,,,,,,
651160000,,,,,,
651160000,,,,,,
651160000,,,,,,
651167000,,,,,,
651167000,,,,,,
651167000,,,,,,
651167000,,,,,,
651167000,,,,,,
651167000,,,,,,
651167000,,,,,,
651167000,,,,,,
651167000,,,,,,
651172000,,,,,,
651172000,,,,,,
651172000,,,,,,
651172000,,,,,,
651172000,,,,,,
651177000,,,,,,
651177000,,,,,,
651177000,,,,,,
651177000,,,,,,
651177000,,,,,,
651177000,,,,,,
651177000,,,,,,
651177000,,,,,,
651177000,,,,,,
651181000,,,,,,
651181000,,,,,,
651182000,,,,,,
651182000,,,,,,
651182000,,,,,,
651182000,,,,,,
651182000,,,,,,
651182000,,,,,,
651186000,,,,,,
651186000,,,,,,
651186000,,,,,,
651186000,,,,,,
651186000,,,,,,
651186000,,,,,,
651186000,,,,,,
651189000,,,,,,
651189000,,,,,,
651190000,,,,,,
651190000,,,,,,
651190000,,,,,,
651190000,,,,,,
651190000,,,,,,
651195000,,,,,,
651195000,,,,,,
651195000,,,,,,
651195000,,,,,,
651195000,,,,,,
651195000,,,,,,
651195000,,,,,,
651199000,,,,,,
651199000,,,,,,
651199000,,,,,,
651199000,,,,,,
651199000,,,,,,
651199000,,,,,,
651199000,,,,,,
651199000,,,,,,
651199000,,,,,,
651199000,,,,,,
651199000,,,,,,
651199000,,,,,,
651199000,,,,,,
651199000,,,,,,
651199000,,,,,,
651199000,,,,,,
651199000,,,,,,
651199000,,,,,,
651199000,,,,,,
651199000,,,,,,
651199000,,,,,,
651199000,,,,,,
651199000,,,,,,
651202000,,,,,,
651202000,,,,,,
651205000,,,,,,
651206000,,,,,,
651206000,,,,,,
651206000,,,,,,
651206000,,,,,,
651206000,,,,,,
651206000,,,,,,
651206000,,,,,,
651206000,,,,,,
651206000,,,,,,
651209000,,,,,,
651209000,,,,,,
651209000,,,,,,
651209000,,,,,,
651209000,,,,,,
651213000,,,,,,
651215000,,,,,,
651215000,,,,,,
651224000,,,,,,
651224000,,,,,,
651224000,,,,,,
651224000,,,,,,
651224000,,,,,,
651224000,,,,,,
651224000,,,,,,
651229000,,,,,,
651229000,,,,,,
651235000,,,,,,
651235000,,,,,,
651235000,,,,,,
651235000,,,,,,
651235000,,,,,,
651235000,,,,,,
651235000,,,,,,
651235000,,,,,,
651235000,,,,,,
651235000,,,,,,
651235000,,,,,,
651235000,,,,,,
651235000,,,,,,
651235000,,,,,,
651235000,,,,,,
651235000,,,,,,
651235000,,,,,,
651236000,,,,,,
651236000,,,,,,
651236000,,,,,,
651236000,,,,,,
651236000,,,,,,
651236000,,,,,,
651236000,,,,,,
651236000,,,,,,
651240000,,,,,,
651240000,,,,,,
651240000,,,,,,
651240000,,,,,,
651240000,,,,,,
651240000,,,,,,
651240000,,,,,,
651240000,,,,,,
651240000,,,,,,
651240000,,,,,,
651240000,,,,,,
651240000,,,,,,
651240000,,,,,,
651240000,,,,,,
651240000,,,,,,
651240000,,,,,,
651240000,,,,,,
651240000,,,,,,
651240000,,,,,,
651240000,,,,,,
651240000,,,,,,
651246000,,,,,,
651246000,,,,,,
651246000,,,,,,
651246000,,,,,,
651246000,,,,,,
651246000,,,,,,
651246000,,,,,,
651246000,,,,,,
651246000,,,,,,
651246000,,,,,,
651246000,,,,,,
651247000,,,,,,
651247000,,,,,,
651247000,,,,,,
651247000,,,,,,
652762000,,,,,,
652762000,,,,,,
652762000,,,,,,
652762000,,,,,,
652762000,,,,,,
652762000,,,,,,
652762000,,,,,,
652762000,,,,,,
652762000,,,,,,
652762000,,,,,,
652762000,,,,,,
652762000,,,,,,
652762000,,,,,,
652762000,,,,,,
652762000,,,,,,
652762000,,,,,,
652762000,,,,,,
652762000,,,,,,
652762000,,,,,,
652762000,,,,,,
652762000,,,,,,
652762000,,,,,,
652762000,,,,,,
652762000,,,,,,
652762000,,,,,,
652762000,,,,,,
652762000,,,,,,
652762000,,,,,,
652762000,,,,,,
652762000,,,,,,
652762000,,,,,,
652762000,,,,,,
652762000,,,,,,
652762000,,,,,,
652762000,,,,,,
652762000,,,,,,
652762000,,,,,,
652762000,,,,,,
652762000,,,,,,
652762000,,,,,,
652762000,,,,,,
652762000,,,,,,
652762000,,,,,,
652762000,,,,,,
652762000,,,,,,
652762000,,,,,,
652762000,,,,,,
652762000,,,,,,
652762000,,,,,,
652762000,,,,,,
652762000,,,,,,
652762000,,,,,,
652762000,,,,,,
652762000,,,,,,
652762000,,,,,,
652762000,,,,,,
652762000,,,,,,
652762000,,,,,,
652762000,,,,,,
652762000,,,,,,
652762000,,,,,,
652762000,,,,,,
652762000,,,,,,
652762000,,,,,,
652762000,,,,,,
652762000,,,,,,
652762000,,,,,,
652762000,,,,,,
652762000,,,,,,
652762000,,,,,,
652762000,,,,,,
652762000,,,,,,
652762000,,,,,,
652762000,,,,,,
652762000,,,,,,
652762000,,,,,,
652762000,,,,,,
652762000,,,,,,
652762000,,,,,,
652762000,,,,,,
652762000,,,,,,
652762000,,,,,,
652762000,,,,,,
652762000,,,,,,
652762000,,,,,,
652762000,,,,,,
652762000,,,,,,
652762000,,,,,,
652762000,,,,,,
652762000,,,,,,
652762000,,,,,,
652762000,,,,,,
652762000,,,,,,
652762000,,,,,,
652762000,,,,,,
652762000,,,,,,
652762000,,,,,,
652762000,,,,,,
652762000,,,,,,
652762000,,,,,,
652762000,,,,,,
652762000,,,,,,
652762000,,,,,,
652762000,,,,,,
652762000,,,,,,
652762000,,,,,,
652762000,,,,,,
652762000,,,,,,
652762000,,,,,,
652762000,,,,,,
652762000,,,,,,
652762000,,,,,,
652762000,,,,,,
652762000,,,,,,
652762000,,,,,,
652762000,,,,,,
652762000,,,,,,
652762000,,,,,,
652762000,,,,,,
652762000,,,,,,
652762000,,,,,,
652762000,,,,,,
652762000,,,,,,
652762000,,,,,,
652762000,,,,,,
652762000,,,,,,
652762000,,,,,,
652762000,,,,,,
652762000,,,,,,
652762000,,,,,,
652762000,,,,,,
652762000,,,,,,
652762000,,,,,,
652762000,,,,,,
652762000,,,,,,
652762000,,,,,,
652762000,,,,,,
652762000,,,,,,
652762000,,,,,,
652762000,,,,,,
652762000,,,,,,
652762000,,,,,,
652762000,,,,,,
652762000,,,,,,
652762000,,,,,,
652762000,,,,,,
652762000,,,,,,
652762000,,,,,,
652762000,,,,,,
652762000,,,,,,
652762000,,,,,,
652762000,,,,,,
652762000,,,,,,
652762000,,,,,,
652762000,,,,,,
652762000,,,,,,
652762000,,,,,,
652762000,,,,,,
652762000,,,,,,
652762000,,,,,,
652762000,,,,,,
652762000,,,,,,
652762000,,,,,,
652762000,,,,,,
652762000,,,,,,
652762000,,,,,,
652762000,,,,,,
652762000,,,,,,
652762000,,,,,,
652762000,,,,,,
652767000,,,,,,
652767000,,,,,,
652767000,,,,,,
652767000,,,,,,
652767000,,,,,,
652767000,,,,,,
652767000,,,,,,
652767000,,,,,,
652767000,,,,,,
652767000,,,,,,
652767000,,,,,,
652771000,,,,,,
652772000,,,,,,
652772000,,,,,,
652772000,,,,,,
652772000,,,,,,
652772000,,,,,,
652772000,,,,,,
652772000,,,,,,
652772000,,,,,,
652776000,,,,,,
652776000,,,,,,
652776000,,,,,,
652776000,,,,,,
652776000,,,,,,
652776000,,,,,,
652777000,,,,,,
652777000,,,,,,
652777000,,,,,,
652777000,,,,,,
652777000,,,,,,
652784000,,,,,,
652784000,,,,,,
652784000,,,,,,
652784000,,,,,,
652784000,,,,,,
652784000,,,,,,
652784000,,,,,,
652784000,,,,,,
652784000,,,,,,
652784000,,,,,,
652784000,,,,,,
652784000,,,,,,
652784000,,,,,,
652788000,,,,,,
652788000,,,,,,
652788000,,,,,,
652788000,,,,,,
652788000,,,,,,
652788000,,,,,,
652788000,,,,,,
652788000,,,,,,
652795000,,,,,,
652795000,,,,,,
652795000,,,,,,
652798000,,,,,,
652802000,,,,,,
652802000,,,,,,
652802000,,,,,,
652802000,,,,,,
652802000,,,,,,
652802000,,,,,,
652802000,,,,,,
652802000,,,,,,
652802000,,,,,,
652802000,,,,,,
652802000,,,,,,
652802000,,,,,,
652802000,,,,,,
652802000,,,,,,
652802000,,,,,,
652802000,,,,,,
652802000,,,,,,
652802000,,,,,,
652805000,,,,,,
652805000,,,,,,
652811000,,,,,,
652811000,,,,,,
652811000,,,,,,
652811000,,,,,,
652811000,,,,,,
652811000,,,,,,
652815000,,,,,,
652817000,,,,,,
652817000,,,,,,
652817000,,,,,,
652817000,,,,,,
652817000,,,,,,
652817000,,,,,,
652820000,,,,,,
652820000,,,,,,
652820000,,,,,,
652820000,,,,,,
652822000,,,,,,
652824000,,,,,,
652824000,,,,,,
652824000,,,,,,
652828000,,,,,,
652828000,,,,,,
652828000,,,,,,
652828000,,,,,,
652828000,,,,,,
652828000,,,,,,
652828000,,,,,,
652828000,,,,,,
652829000,,,,,,
652834000,,,,,,
652834000,,,,,,
652834000,,,,,,
652834000,,,,,,
652834000,,,,,,
652834000,,,,,,
652834000,,,,,,
652834000,,,,,,
652834000,,,,,,
652834000,,,,,,
652834000,,,,,,
652836000,,,,,,
652836000,,,,,,
652836000,,,,,,
652837000,,,,,,
652837000,,,,,,
652837000,,,,,,
652837000,,,,,,
652837000,,,,,,
652837000,,,,,,
652837000,,,,,,
652837000,,,,,,
652837000,,,,,,
652837000,,,,,,
652837000,,,,,,
652837000,,,,,,
652837000,,,,,,
652837000,,,,,,
652837000,,,,,,
652843000,,,,,,
652843000,,,,,,
652843000,,,,,,
652843000,,,,,,
652843000,,,,,,
652843000,,,,,,
652843000,,,,,,
652843000,,,,,,
652843000,,,,,,
652843000,,,,,,
652846000,,,,,,
652846000,,,,,,
652846000,,,,,,
652846000,,,,,,
652848000,,,,,,
652848000,,,,,,
652848000,,,,,,
652848000,,,,,,
652848000,,,,,,
652848000,,,,,,
652848000,,,,,,
652848000,,,,,,
652848000,,,,,,
652848000,,,,,,
652848000,,,,,,
652848000,,,,,,
652854000,,,,,,
652854000,,,,,,
652854000,,,,,,
652854000,,,,,,
652854000,,,,,,
652854000,,,,,,
652856000,,,,,,
652856000,,,,,,
652856000,,,,,,
652856000,,,,,,
652856000,,,,,,
652856000,,,,,,
652856000,,,,,,
652856000,,,,,,
652856000,,,,,,
652856000,,,,,,
652859000,,,,,,
652859000,,,,,,
652859000,,,,,,
652859000,,,,,,
652859000,,,,,,
652859000,,,,,,
652859000,,,,,,
652859000,,,,,,
652859000,,,,,,
652862000,,,,,,
652862000,,,,,,
652862000,,,,,,
652862000,,,,,,
652862000,,,,,,
652862000,,,,,,
652867000,,,,,,
652867000,,,,,,
652867000,,,,,,
652867000,,,,,,
652867000,,,,,,
652867000,,,,,,
652867000,,,,,,
652867000,,,,,,
652867000,,,,,,
652867000,,,,,,
652867000,,,,,,
652867000,,,,,,
652867000,,,,,,
652867000,,,,,,
652872000,,,,,,
652872000,,,,,,
652872000,,,,,,
652873000,,,,,,
652876000,,,,,,
652876000,,,,,,
652876000,,,,,,
652876000,,,,,,
652876000,,,,,,
652876000,,,,,,
652876000,,,,,,
652879000,,,,,,
652879000,,,,,,
652879000,,,,,,
652879000,,,,,,
652879000,,,,,,
652879000,,,,,,
652879000,,,,,,
652882000,,,,,,
652882000,,,,,,
652882000,,,,,,
652882000,,,,,,
652882000,,,,,,
652882000,,,,,,
652882000,,,,,,
652882000,,,,,,
652882000,,,,,,
652882000,,,,,,
652883000,,,,,,
652883000,,,,,,
652883000,,,,,,
652883000,,,,,,
652883000,,,,,,
652883000,,,,,,
652883000,,,,,,
652883000,,,,,,
652883000,,,,,,
652883000,,,,,,
652883000,,,,,,
652889000,,,,,,
652889000,,,,,,
652889000,,,,,,
652889000,,,,,,
652889000,,,,,,
652889000,,,,,,
652889000,,,,,,
652889000,,,,,,
652889000,,,,,,
652889000,,,,,,
652889000,,,,,,
652889000,,,,,,
652889000,,,,,,
652889000,,,,,,
652889000,,,,,,
652889000,,,,,,
652889000,,,,,,
652889000,,,,,,
652889000,,,,,,
652889000,,,,,,
652889000,,,,,,
652889000,,,,,,
652889000,,,,,,
652889000,,,,,,
652889000,,,,,,
652889000,,,,,,
652889000,,,,,,
652889000,,,,,,
652889000,,,,,,
652889000,,,,,,
652889000,,,,,,
652889000,,,,,,
652889000,,,,,,
652891000,,,,,,
652891000,,,,,,
652891000,,,,,,
652891000,,,,,,
652891000,,,,,,
652891000,,,,,,
652891000,,,,,,
652891000,,,,,,
652891000,,,,,,
652891000,,,,,,
652891000,,,,,,
652891000,,,,,,
652891000,,,,,,
652891000,,,,,,
652891000,,,,,,
652891000,,,,,,
652891000,,,,,,
652891000,,,,,,
652891000,,,,,,
652891000,,,,,,
652891000,,,,,,
652891000,,,,,,
652891000,,,,,,
652891000,,,,,,
652891000,,,,,,
652891000,,,,,,
652891000,,,,,,
652894000,,,,,,
652894000,,,,,,
652894000,,,,,,
652894000,,,,,,
652894000,,,,,,
652894000,,,,,,
652894000,,,,,,
652894000,,,,,,
652894000,,,,,,
652894000,,,,,,
652894000,,,,,,
652894000,,,,,,
652894000,,,,,,
652894000,,,,,,
652894000,,,,,,
652894000,,,,,,
652894000,,,,,,
652894000,,,,,,
652894000,,,,,,
652894000,,,,,,
652894000,,,,,,
652895000,,,,,,
652895000,,,,,,
652895000,,,,,,
652898000,,,,,,
652898000,,,,,,
652898000,,,,,,
652898000,,,,,,
652898000,,,,,,
652898000,,,,,,
652898000,,,,,,
652898000,,,,,,
652898000,,,,,,
652898000,,,,,,
652898000,,,,,,
652898000,,,,,,
652898000,,,,,,
652898000,,,,,,
652898000,,,,,,
652902000,,,,,,
652902000,,,,,,
652902000,,,,,,
652908000,,,,,,
652908000,,,,,,
652908000,,,,,,
652908000,,,,,,
652908000,,,,,,
652908000,,,,,,
652908000,,,,,,
652908000,,,,,,
652908000,,,,,,
652908000,,,,,,
652908000,,,,,,
652908000,,,,,,
652908000,,,,,,
652908000,,,,,,
652911000,,,,,,
652911000,,,,,,
652911000,,,,,,
652911000,,,,,,
652911000,,,,,,
652911000,,,,,,
652911000,,,,,,
652911000,,,,,,
652911000,,,,,,
652911000,,,,,,
652911000,,,,,,
652911000,,,,,,
652911000,,,,,,
652911000,,,,,,
652911000,,,,,,
652911000,,,,,,
652911000,,,,,,
652911000,,,,,,
652911000,,,,,,
652911000,,,,,,
652911000,,,,,,
652911000,,,,,,
652916000,,,,,,
652916000,,,,,,
652916000,,,,,,
652916000,,,,,,
652916000,,,,,,
652916000,,,,,,
652916000,,,,,,
652916000,,,,,,
652916000,,,,,,
652921000,,,,,,
652921000,,,,,,
652921000,,,,,,
652921000,,,,,,
652921000,,,,,,
652921000,,,,,,
652921000,,,,,,
652921000,,,,,,
652925000,,,,,,
652925000,,,,,,
652925000,,,,,,
652925000,,,,,,
652925000,,,,,,
652929000,,,,,,
652929000,,,,,,
652929000,,,,,,
652929000,,,,,,
652932000,,,,,,
652932000,,,,,,
652932000,,,,,,
652932000,,,,,,
652932000,,,,,,
652932000,,,,,,
652932000,,,,,,
652932000,,,,,,
652932000,,,,,,
652932000,,,,,,
652932000,,,,,,
652932000,,,,,,
652932000,,,,,,
652932000,,,,,,
652932000,,,,,,
652932000,,,,,,
652932000,,,,,,
652933000,,,,,,
652933000,,,,,,
652933000,,,,,,
652933000,,,,,,
652936000,,,,,,
652936000,,,,,,
652936000,,,,,,
652936000,,,,,,
652936000,,,,,,
652936000,,,,,,
652936000,,,,,,
652936000,,,,,,
652936000,,,,,,
652936000,,,,,,
652937000,,,,,,
652937000,,,,,,
652937000,,,,,,
652937000,,,,,,
652937000,,,,,,
652937000,,,,,,
652937000,,,,,,
652937000,,,,,,
652937000,,,,,,
652937000,,,,,,
652937000,,,,,,
652937000,,,,,,
652937000,,,,,,
652937000,,,,,,
652937000,,,,,,
652937000,,,,,,
652937000,,,,,,
652937000,,,,,,
652937000,,,,,,
652937000,,,,,,
652937000,,,,,,
652937000,,,,,,
652937000,,,,,,
652937000,,,,,,
652937000,,,,,,
652937000,,,,,,
652938000,,,,,,
652938000,,,,,,
652938000,,,,,,
652938000,,,,,,
652938000,,,,,,
652943000,,,,,,
652943000,,,,,,
652946000,,,,,,
652946000,,,,,,
652949000,,,,,,
652949000,,,,,,
652949000,,,,,,
652949000,,,,,,
652949000,,,,,,
652949000,,,,,,
652949000,,,,,,
652949000,,,,,,
652949000,,,,,,
652949000,,,,,,
652949000,,,,,,
652949000,,,,,,
652949000,,,,,,
652949000,,,,,,
652949000,,,,,,
652949000,,,,,,
652949000,,,,,,
652949000,,,,,,
652949000,,,,,,
652949000,,,,,,
652949000,,,,,,
652949000,,,,,,
652949000,,,,,,
652949000,,,,,,
652949000,,,,,,
652949000,,,,,,
652949000,,,,,,
652949000,,,,,,
652949000,,,,,,
652949000,,,,,,
652952000,,,,,,
652952000,,,,,,
652952000,,,,,,
652952000,,,,,,
652952000,,,,,,
652952000,,,,,,
652952000,,,,,,
652952000,,,,,,
652952000,,,,,,
652952000,,,,,,
652952000,,,,,,
652952000,,,,,,
652952000,,,,,,
652952000,,,,,,
652952000,,,,,,
652952000,,,,,,
652952000,,,,,,
652952000,,,,,,
652952000,,,,,,
652952000,,,,,,
652952000,,,,,,
652952000,,,,,,
652954000,,,,,,
652954000,,,,,,
652954000,,,,,,
652954000,,,,,,
652954000,,,,,,
652954000,,,,,,
652954000,,,,,,
652954000,,,,,,
652954000,,,,,,
652954000,,,,,,
652954000,,,,,,
652954000,,,,,,
652954000,,,,,,
652954000,,,,,,
652954000,,,,,,
652954000,,,,,,
652954000,,,,,,
652954000,,,,,,
652959000,,,,,,
652959000,,,,,,
652959000,,,,,,
652959000,,,,,,
652959000,,,,,,
652959000,,,,,,
652959000,,,,,,
652959000,,,,,,
652959000,,,,,,
652959000,,,,,,
652960000,,,,,,
652960000,,,,,,
652960000,,,,,,
652960000,,,,,,
652960000,,,,,,
652960000,,,,,,
652963000,,,,,,
652963000,,,,,,
652963000,,,,,,
652963000,,,,,,
652963000,,,,,,
652963000,,,,,,
652963000,,,,,,
652963000,,,,,,
652963000,,,,,,
652963000,,,,,,
652963000,,,,,,
652963000,,,,,,
652963000,,,,,,
652963000,,,,,,
652963000,,,,,,
652963000,,,,,,
652963000,,,,,,
652963000,,,,,,
652963000,,,,,,
652963000,,,,,,
652963000,,,,,,
652963000,,,,,,
652963000,,,,,,
652963000,,,,,,
652963000,,,,,,
652963000,,,,,,
652963000,,,,,,
652963000,,,,,,
652963000,,,,,,
652963000,,,,,,
652963000,,,,,,
652963000,,,,,,
652963000,,,,,,
652963000,,,,,,
652963000,,,,,,
652963000,,,,,,
652963000,,,,,,
652963000,,,,,,
652966000,,,,,,
652966000,,,,,,
652966000,,,,,,
652966000,,,,,,
652966000,,,,,,
652966000,,,,,,
652966000,,,,,,
652966000,,,,,,
652966000,,,,,,
652966000,,,,,,
652967000,,,,,,
652967000,,,,,,
652967000,,,,,,
652967000,,,,,,
652967000,,,,,,
652967000,,,,,,
652967000,,,,,,
652967000,,,,,,
652967000,,,,,,
652967000,,,,,,
652967000,,,,,,
652968000,,,,,,
652968000,,,,,,
652968000,,,,,,
652972000,,,,,,
652972000,,,,,,
652972000,,,,,,
652972000,,,,,,
652972000,,,,,,
652972000,,,,,,
652972000,,,,,,
652972000,,,,,,
652972000,,,,,,
652972000,,,,,,
652972000,,,,,,
652972000,,,,,,
652972000,,,,,,
652972000,,,,,,
652972000,,,,,,
652972000,,,,,,
652975000,,,,,,
652975000,,,,,,
652975000,,,,,,
652975000,,,,,,
652975000,,,,,,
652975000,,,,,,
652975000,,,,,,
652978000,,,,,,
652978000,,,,,,
652978000,,,,,,
652978000,,,,,,
652978000,,,,,,
652978000,,,,,,
652978000,,,,,,
652978000,,,,,,
652978000,,,,,,
652980000,,,,,,
652980000,,,,,,
652980000,,,,,,
652980000,,,,,,
652980000,,,,,,
652980000,,,,,,
652980000,,,,,,
652980000,,,,,,
652980000,,,,,,
652980000,,,,,,
652980000,,,,,,
652980000,,,,,,
652980000,,,,,,
652980000,,,,,,
652980000,,,,,,
652980000,,,,,,
652980000,,,,,,
652980000,,,,,,
652980000,,,,,,
652980000,,,,,,
652980000,,,,,,
652980000,,,,,,
652980000,,,,,,
652980000,,,,,,
652983000,,,,,,
652983000,,,,,,
652983000,,,,,,
652983000,,,,,,
652983000,,,,,,
652983000,,,,,,
652983000,,,,,,
652983000,,,,,,
652983000,,,,,,
652983000,,,,,,
652983000,,,,,,
652983000,,,,,,
652983000,,,,,,
652983000,,,,,,
652983000,,,,,,
652983000,,,,,,
652983000,,,,,,
652983000,,,,,,
652983000,,,,,,
652983000,,,,,,
652983000,,,,,,
652983000,,,,,,
652983000,,,,,,
652983000,,,,,,
652983000,,,,,,
652983000,,,,,,
652983000,,,,,,
652987000,,,,,,
652987000,,,,,,
652987000,,,,,,
652987000,,,,,,
652987000,,,,,,
652987000,,,,,,
652987000,,,,,,
652987000,,,,,,
652987000,,,,,,
652987000,,,,,,
652987000,,,,,,
652987000,,,,,,
652990000,,,,,,
652990000,,,,,,
652990000,,,,,,
652990000,,,,,,
652990000,,,,,,
652990000,,,,,,
652990000,,,,,,
652990000,,,,,,
652990000,,,,,,
652990000,,,,,,
652990000,,,,,,
652990000,,,,,,
652990000,,,,,,
652990000,,,,,,
652990000,,,,,,
652990000,,,,,,
652990000,,,,,,
652990000,,,,,,
652990000,,,,,,
652993000,,,,,,
652993000,,,,,,
652993000,,,,,,
652993000,,,,,,
652993000,,,,,,
652993000,,,,,,
652993000,,,,,,
652993000,,,,,,
652993000,,,,,,
652993000,,,,,,
652993000,,,,,,
652993000,,,,,,
652996000,,,,,,
652996000,,,,,,
652996000,,,,,,
652996000,,,,,,
652996000,,,,,,
652996000,,,,,,
652999000,,,,,,
652999000,,,,,,
652999000,,,,,,
652999000,,,,,,
652999000,,,,,,
653006000,,,,,,
653006000,,,,,,
653006000,,,,,,
653006000,,,,,,
653006000,,,,,,
653006000,,,,,,
653006000,,,,,,
653006000,,,,,,
653006000,,,,,,
653006000,,,,,,
653006000,,,,,,
653011000,,,,,,
653011000,,,,,,
653011000,,,,,,
653011000,,,,,,
653011000,,,,,,
653011000,,,,,,
653011000,,,,,,
653011000,,,,,,
653011000,,,,,,
653011000,,,,,,
653011000,,,,,,
653011000,,,,,,
653011000,,,,,,
653011000,,,,,,
653011000,,,,,,
653011000,,,,,,
653011000,,,,,,
653011000,,,,,,
653011000,,,,,,
653011000,,,,,,
653011000,,,,,,
653011000,,,,,,
653011000,,,,,,
653011000,,,,,,
653011000,,,,,,
653011000,,,,,,
653011000,,,,,,
653011000,,,,,,
653011000,,,,,,
653011000,,,,,,
653011000,,,,,,
653011000,,,,,,
653011000,,,,,,
653011000,,,,,,
653011000,,,,,,
653011000,,,,,,
653011000,,,,,,
653011000,,,,,,
653011000,,,,,,
653011000,,,,,,
653011000,,,,,,
653011000,,,,,,
653011000,,,,,,
653011000,,,,,,
653011000,,,,,,
653011000,,,,,,
653011000,,,,,,
653011000,,,,,,
653011000,,,,,,
653011000,,,,,,
653011000,,,,,,
653011000,,,,,,
653011000,,,,,,
653011000,,,,,,
653011000,,,,,,
653011000,,,,,,
653011000,,,,,,
653011000,,,,,,
653011000,,,,,,
