1,6.36084e+08
2,6.36309e+08
3,6.36574e+08
4,6.36711e+08
5,6.3707e+08
6,6.37145e+08
7,6.37375e+08
8,6.37565e+08
9,6.37709e+08
10,6.37804e+08
11,6.37901e+08
12,6.3793e+08
13,6.38043e+08
14,6.38112e+08
15,6.3819e+08
16,6.38435e+08
17,6.38435e+08
18,6.39286e+08
19,6.39374e+08
20,6.39409e+08
21,6.39465e+08
22,6.39538e+08
23,6.39711e+08
24,6.39761e+08
25,6.39843e+08
26,6.39901e+08
27,6.40006e+08
28,6.40059e+08
29,6.40088e+08
30,6.40274e+08
31,6.40426e+08
32,6.40462e+08
33,6.4048e+08
34,6.40634e+08
35,6.40656e+08
36,6.40785e+08
37,6.40804e+08
38,6.40886e+08
39,6.4092e+08
40,6.40947e+08
41,6.40981e+08
42,6.41008e+08
43,6.41049e+08
44,6.41097e+08
45,6.41107e+08
46,6.41135e+08
47,6.41183e+08
48,6.41246e+08
49,6.41294e+08
50,6.41332e+08
51,6.41371e+08
52,6.4145e+08
53,6.4145e+08
54,6.4145e+08
55,6.41513e+08
56,6.41579e+08
57,6.4164e+08
58,6.41683e+08
59,6.41778e+08
60,6.41797e+08
61,6.41821e+08
62,6.41987e+08
63,6.51002e+08
64,6.51002e+08
65,6.51002e+08
66,6.51002e+08
67,6.51005e+08
68,6.51008e+08
69,6.51014e+08
70,6.51014e+08
71,6.51014e+08
72,6.51018e+08
73,6.51018e+08
74,6.51021e+08
75,6.51021e+08
76,6.51021e+08
77,6.51021e+08
78,6.51021e+08
79,6.51021e+08
80,6.51058e+08
81,6.51059e+08
82,6.51065e+08
83,6.51065e+08
84,6.51065e+08
85,6.51065e+08
86,6.51065e+08
87,6.51065e+08
88,6.51065e+08
89,6.51072e+08
90,6.51072e+08
91,6.51072e+08
92,6.51072e+08
93,6.51075e+08
94,6.51075e+08
95,6.51075e+08
96,6.51075e+08
97,6.51075e+08
98,6.51075e+08
99,6.51096e+08
100,6.51096e+08
101,6.51096e+08
102,6.51102e+08
103,6.51102e+08
104,6.51103e+08
105,6.51103e+08
106,6.51114e+08
107,6.51114e+08
108,6.51119e+08
109,6.5112e+08
110,6.5112e+08
111,6.5112e+08
112,6.51125e+08
113,6.51125e+08
114,6.51125e+08
115,6.5113e+08
116,6.51134e+08
117,6.51146e+08
118,6.51146e+08
119,6.51152e+08
120,6.51155e+08
121,6.51155e+08
122,6.51155e+08
123,6.51155e+08
124,6.51155e+08
125,6.51155e+08
126,6.54494e+08
127,6.54494e+08
128,6.54494e+08
129,6.54494e+08
130,6.54494e+08
131,6.54494e+08
132,6.54494e+08
133,6.54494e+08
134,6.54494e+08
135,6.54494e+08
136,6.54494e+08
137,6.54494e+08
138,6.54494e+08
139,6.54494e+08
140,6.54494e+08
141,6.54494e+08
142,6.54494e+08
143,6.54494e+08
144,6.54497e+08
145,6.54503e+08
146,6.54503e+08
147,6.54503e+08
148,6.54503e+08
149,6.54503e+08
150,6.54503e+08
151,6.54503e+08
152,6.54503e+08
153,6.54503e+08
154,6.54503e+08
155,6.54508e+08
156,6.54508e+08
157,6.54508e+08
158,6.54508e+08
159,6.54508e+08
160,6.54512e+08
161,6.54512e+08
162,6.54522e+08
163,6.54522e+08
164,6.54522e+08
165,6.54522e+08
166,6.54522e+08
167,6.54522e+08
168,6.54522e+08
169,6.54522e+08
170,6.54524e+08
171,6.54527e+08
172,6.54527e+08
173,6.54535e+08
174,6.54535e+08
175,6.54547e+08
176,6.54553e+08
177,6.54553e+08
178,6.54553e+08
179,6.54553e+08
180,6.54553e+08
181,6.54553e+08
182,6.54559e+08
183,6.54559e+08
184,6.54559e+08
185,6.54559e+08
186,6.54559e+08
187,6.54559e+08
188,6.56416e+08
189,6.56416e+08
190,6.56421e+08
191,6.56421e+08
192,6.56421e+08
193,6.56421e+08
194,6.56421e+08
195,6.56434e+08
196,6.56434e+08
197,6.56434e+08
198,6.56434e+08
199,6.56434e+08
200,6.56434e+08
201,6.56434e+08
202,6.56434e+08
203,6.56439e+08
204,6.56439e+08
205,6.56439e+08
206,6.56439e+08
207,6.56445e+08
208,6.56445e+08
209,6.56445e+08
210,6.56445e+08
211,6.56448e+08
212,6.56448e+08
213,6.56448e+08
214,6.56448e+08
215,6.56448e+08
216,6.56448e+08
217,6.56454e+08
218,6.56454e+08
219,6.56454e+08
220,6.56454e+08
221,6.56454e+08
222,6.56454e+08
223,6.56454e+08
224,6.56454e+08
225,6.56454e+08
226,6.56454e+08
227,6.56458e+08
228,6.56458e+08
229,6.56458e+08
230,6.56458e+08
231,6.56458e+08
232,6.56458e+08
233,6.56462e+08
234,6.56468e+08
235,6.56468e+08
236,6.56468e+08
237,6.56468e+08
238,6.56468e+08
239,6.56473e+08
240,6.56477e+08
241,6.56482e+08
242,6.56482e+08
243,6.56482e+08
244,6.56482e+08
245,6.56488e+08
246,6.56488e+08
247,6.56488e+08
248,6.56488e+08
249,6.56488e+08
250,6.56488e+08
251,6.57793e+08
252,6.57793e+08
253,6.57793e+08
254,6.57793e+08
255,6.57793e+08
256,6.57793e+08
257,6.57793e+08
258,6.57794e+08
259,6.57794e+08
260,6.57794e+08
261,6.57794e+08
262,6.57801e+08
263,6.57801e+08
264,6.57801e+08
265,6.57801e+08
266,6.57805e+08
267,6.57805e+08
268,6.57805e+08
269,6.57805e+08
270,6.57805e+08
271,6.57805e+08
272,6.57805e+08
273,6.57805e+08
274,6.57805e+08
275,6.57805e+08
276,6.57805e+08
277,6.57805e+08
278,6.57809e+08
279,6.57812e+08
280,6.57812e+08
281,6.57812e+08
282,6.57812e+08
283,6.57812e+08
284,6.57817e+08
285,6.57817e+08
286,6.57821e+08
287,6.57821e+08
288,6.57821e+08
289,6.57827e+08
290,6.57827e+08
291,6.57827e+08
292,6.57827e+08
293,6.57827e+08
294,6.57827e+08
295,6.57827e+08
296,6.57827e+08
297,6.57827e+08
298,6.57827e+08
299,6.57831e+08
300,6.57831e+08
301,6.57831e+08
302,6.57831e+08
303,6.57831e+08
304,6.57837e+08
305,6.57841e+08
306,6.57841e+08
307,6.57841e+08
308,6.57841e+08
309,6.57841e+08
310,6.57841e+08
311,6.57841e+08
312,6.57841e+08
313,6.58699e+08
314,6.58699e+08
315,6.58704e+08
316,6.58704e+08
317,6.58715e+08
318,6.58715e+08
319,6.58715e+08
320,6.58715e+08
321,6.58715e+08
322,6.58715e+08
323,6.58715e+08
324,6.58715e+08
325,6.58724e+08
326,6.58724e+08
327,6.58724e+08
328,6.58724e+08
329,6.58724e+08
330,6.58724e+08
331,6.58724e+08
332,6.58724e+08
333,6.58724e+08
334,6.58724e+08
335,6.58724e+08
336,6.58724e+08
337,6.58726e+08
338,6.58726e+08
339,6.58726e+08
340,6.58726e+08
341,6.58732e+08
342,6.58732e+08
343,6.58732e+08
344,6.58732e+08
345,6.58732e+08
346,6.58736e+08
347,6.58736e+08
348,6.58736e+08
349,6.58736e+08
350,6.58736e+08
351,6.58736e+08
352,6.58736e+08
353,6.58736e+08
354,6.58736e+08
355,6.58746e+08
356,6.58746e+08
357,6.58746e+08
358,6.58746e+08
359,6.58746e+08
360,6.58746e+08
361,6.58746e+08
362,6.58746e+08
363,6.58746e+08
364,6.58746e+08
365,6.58746e+08
366,6.58746e+08
367,6.58746e+08
368,6.58746e+08
369,6.58746e+08
370,6.58746e+08
371,6.58746e+08
372,6.58746e+08
373,6.58746e+08
374,6.58746e+08
375,6.58746e+08
376,6.59092e+08
377,6.59092e+08
378,6.59092e+08
379,6.59092e+08
380,6.59092e+08
381,6.59092e+08
382,6.59092e+08
383,6.59092e+08
384,6.59092e+08
385,6.59092e+08
386,6.59092e+08
387,6.59092e+08
388,6.59093e+08
389,6.59098e+08
390,6.59098e+08
391,6.59098e+08
392,6.59104e+08
393,6.59104e+08
394,6.5911e+08
395,6.5911e+08
396,6.5911e+08
397,6.5911e+08
398,6.5911e+08
399,6.5911e+08
400,6.5911e+08
401,6.5911e+08
402,6.5911e+08
403,6.5911e+08
404,6.5911e+08
405,6.5911e+08
406,6.5911e+08
407,6.5911e+08
408,6.59115e+08
409,6.59115e+08
410,6.59115e+08
411,6.59115e+08
412,6.59115e+08
413,6.59115e+08
414,6.59115e+08
415,6.59115e+08
416,6.59118e+08
417,6.59118e+08
418,6.59124e+08
419,6.59124e+08
420,6.59124e+08
421,6.59124e+08
422,6.59124e+08
423,6.59124e+08
424,6.59124e+08
425,6.59124e+08
426,6.59124e+08
427,6.59124e+08
428,6.59124e+08
429,6.59126e+08
430,6.59126e+08
431,6.59126e+08
432,6.59126e+08
433,6.59126e+08
434,6.5913e+08
435,6.5913e+08
436,6.5913e+08
437,6.5913e+08
438,6.59467e+08
439,6.59467e+08
440,6.59467e+08
441,6.59467e+08
442,6.59467e+08
443,6.59467e+08
444,6.59467e+08
445,6.59467e+08
446,6.59467e+08
447,6.59467e+08
448,6.59467e+08
449,6.59467e+08
450,6.59472e+08
451,6.59472e+08
452,6.59472e+08
453,6.59472e+08
454,6.59472e+08
455,6.59472e+08
456,6.59472e+08
457,6.59472e+08
458,6.59472e+08
459,6.59472e+08
460,6.59472e+08
461,6.59472e+08
462,6.59472e+08
463,6.59472e+08
464,6.59472e+08
465,6.59472e+08
466,6.59472e+08
467,6.59472e+08
468,6.59472e+08
469,6.59472e+08
470,6.59472e+08
471,6.59472e+08
472,6.59472e+08
473,6.59472e+08
474,6.59472e+08
475,6.59472e+08
476,6.59472e+08
477,6.59472e+08
478,6.59472e+08
479,6.59472e+08
480,6.59472e+08
481,6.59472e+08
482,6.59472e+08
483,6.59472e+08
484,6.59472e+08
485,6.59472e+08
486,6.59472e+08
487,6.59472e+08
488,6.59472e+08
489,6.59472e+08
490,6.59472e+08
491,6.59474e+08
492,6.59474e+08
493,6.59474e+08
494,6.59478e+08
495,6.59478e+08
496,6.59478e+08
497,6.59478e+08
498,6.59478e+08
499,6.59478e+08
500,6.59478e+08
501,6.59737e+08
502,6.59737e+08
503,6.59737e+08
504,6.59737e+08
505,6.59737e+08
506,6.59737e+08
507,6.59737e+08
508,6.59744e+08
509,6.59744e+08
510,6.59747e+08
511,6.59747e+08
512,6.59747e+08
513,6.59747e+08
514,6.59747e+08
515,6.59747e+08
516,6.59747e+08
517,6.59747e+08
518,6.59747e+08
519,6.59747e+08
520,6.59747e+08
521,6.59747e+08
522,6.59747e+08
523,6.59747e+08
524,6.59747e+08
525,6.59747e+08
526,6.59747e+08
527,6.59747e+08
528,6.59747e+08
529,6.59747e+08
530,6.59747e+08
531,6.59747e+08
532,6.59747e+08
533,6.59747e+08
534,6.59747e+08
535,6.59747e+08
536,6.59747e+08
537,6.59747e+08
538,6.59747e+08
539,6.59747e+08
540,6.59747e+08
541,6.59747e+08
542,6.59747e+08
543,6.59747e+08
544,6.59747e+08
545,6.59747e+08
546,6.59747e+08
547,6.59747e+08
548,6.59747e+08
549,6.59747e+08
550,6.59747e+08
551,6.59747e+08
552,6.59747e+08
553,6.59747e+08
554,6.59747e+08
555,6.59747e+08
556,6.59747e+08
557,6.59747e+08
558,6.59747e+08
559,6.59747e+08
560,6.59747e+08
561,6.59747e+08
562,6.59747e+08
563,6.59945e+08
564,6.59945e+08
565,6.59945e+08
566,6.59945e+08
567,6.59945e+08
568,6.59945e+08
569,6.59945e+08
570,6.59945e+08
571,6.59945e+08
572,6.59945e+08
573,6.59945e+08
574,6.59945e+08
575,6.59945e+08
576,6.59945e+08
577,6.59945e+08
578,6.59945e+08
579,6.59945e+08
580,6.59945e+08
581,6.59945e+08
582,6.59945e+08
583,6.59945e+08
584,6.59945e+08
585,6.59945e+08
586,6.59947e+08
587,6.59947e+08
588,6.59947e+08
589,6.59947e+08
590,6.59947e+08
591,6.59947e+08
592,6.59947e+08
593,6.59947e+08
594,6.59947e+08
595,6.59947e+08
596,6.59947e+08
597,6.59947e+08
598,6.59947e+08
599,6.59947e+08
600,6.59947e+08
601,6.59947e+08
602,6.59947e+08
603,6.59947e+08
604,6.59947e+08
605,6.59947e+08
606,6.59947e+08
607,6.59947e+08
608,6.59947e+08
609,6.59947e+08
610,6.59947e+08
611,6.59947e+08
612,6.59947e+08
613,6.59947e+08
614,6.59947e+08
615,6.59947e+08
616,6.59947e+08
617,6.59947e+08
618,6.59951e+08
619,6.59951e+08
620,6.59951e+08
621,6.59951e+08
622,6.59951e+08
623,6.59951e+08
624,6.59951e+08
625,6.59951e+08
626,6.60025e+08
627,6.60025e+08
628,6.60025e+08
629,6.60025e+08
630,6.60025e+08
631,6.60025e+08
632,6.60025e+08
633,6.60025e+08
634,6.60025e+08
635,6.60025e+08
636,6.60025e+08
637,6.60025e+08
638,6.60025e+08
639,6.60025e+08
640,6.60025e+08
641,6.60025e+08
642,6.60025e+08
643,6.60025e+08
644,6.60025e+08
645,6.60025e+08
646,6.60027e+08
647,6.60027e+08
648,6.60027e+08
649,6.60027e+08
650,6.60027e+08
651,6.60027e+08
652,6.60027e+08
653,6.60027e+08
654,6.60027e+08
655,6.60027e+08
656,6.60027e+08
657,6.60027e+08
658,6.60027e+08
659,6.60027e+08
660,6.60027e+08
661,6.60027e+08
662,6.60027e+08
663,6.60027e+08
664,6.60027e+08
665,6.60027e+08
666,6.60027e+08
667,6.60027e+08
668,6.60027e+08
669,6.60027e+08
670,6.60027e+08
671,6.60027e+08
672,6.6003e+08
673,6.6003e+08
674,6.6003e+08
675,6.6003e+08
676,6.6003e+08
677,6.6003e+08
678,6.6003e+08
679,6.6003e+08
680,6.60035e+08
681,6.60035e+08
682,6.60035e+08
683,6.60035e+08
684,6.60035e+08
685,6.60035e+08
686,6.60035e+08
687,6.60035e+08
688,6.60094e+08
689,6.60094e+08
690,6.60094e+08
691,6.60094e+08
692,6.60094e+08
693,6.60094e+08
694,6.60094e+08
695,6.60094e+08
696,6.60094e+08
697,6.60094e+08
698,6.60094e+08
699,6.60094e+08
700,6.60094e+08
701,6.60094e+08
702,6.60094e+08
703,6.60094e+08
704,6.60094e+08
705,6.60094e+08
706,6.60094e+08
707,6.60094e+08
708,6.60094e+08
709,6.60094e+08
710,6.60094e+08
711,6.60094e+08
712,6.60094e+08
713,6.60094e+08
714,6.60094e+08
715,6.60094e+08
716,6.60094e+08
717,6.60094e+08
718,6.60094e+08
719,6.60094e+08
720,6.60095e+08
721,6.60095e+08
722,6.60095e+08
723,6.60095e+08
724,6.60095e+08
725,6.60095e+08
726,6.60095e+08
727,6.60095e+08
728,6.60095e+08
729,6.60095e+08
730,6.60095e+08
731,6.60095e+08
732,6.60095e+08
733,6.60095e+08
734,6.60095e+08
735,6.60095e+08
736,6.60095e+08
737,6.60095e+08
738,6.60095e+08
739,6.60095e+08
740,6.60095e+08
741,6.60095e+08
742,6.60095e+08
743,6.60095e+08
744,6.60095e+08
745,6.60095e+08
746,6.60095e+08
747,6.60095e+08
748,6.60095e+08
749,6.60095e+08
750,6.60095e+08
751,6.60179e+08
752,6.60179e+08
753,6.60179e+08
754,6.60179e+08
755,6.60179e+08
756,6.60179e+08
757,6.60181e+08
758,6.60181e+08
759,6.60181e+08
760,6.60181e+08
761,6.60181e+08
762,6.60181e+08
763,6.60181e+08
764,6.60181e+08
765,6.60181e+08
766,6.60181e+08
767,6.60181e+08
768,6.60181e+08
769,6.60181e+08
770,6.60181e+08
771,6.60181e+08
772,6.60181e+08
773,6.60181e+08
774,6.60181e+08
775,6.60181e+08
776,6.60181e+08
777,6.60181e+08
778,6.60181e+08
779,6.60181e+08
780,6.60181e+08
781,6.60181e+08
782,6.60181e+08
783,6.60181e+08
784,6.60181e+08
785,6.60181e+08
786,6.60181e+08
787,6.60181e+08
788,6.60181e+08
789,6.60181e+08
790,6.60181e+08
791,6.60181e+08
792,6.60181e+08
793,6.60181e+08
794,6.60181e+08
795,6.60181e+08
796,6.60181e+08
797,6.60181e+08
798,6.60181e+08
799,6.60181e+08
800,6.60181e+08
801,6.60181e+08
802,6.60181e+08
803,6.60181e+08
804,6.60181e+08
805,6.60181e+08
806,6.60181e+08
807,6.60181e+08
808,6.60181e+08
809,6.60181e+08
810,6.60181e+08
811,6.60181e+08
812,6.60181e+08
813,6.6021e+08
814,6.6021e+08
815,6.6021e+08
816,6.6021e+08
817,6.6021e+08
818,6.6021e+08
819,6.6021e+08
820,6.6021e+08
821,6.6021e+08
822,6.6021e+08
823,6.6021e+08
824,6.6021e+08
825,6.6021e+08
826,6.6021e+08
827,6.6021e+08
828,6.6021e+08
829,6.6021e+08
830,6.6021e+08
831,6.6021e+08
832,6.6021e+08
833,6.6021e+08
834,6.6021e+08
835,6.6021e+08
836,6.6021e+08
837,6.6021e+08
838,6.6021e+08
839,6.6021e+08
840,6.6021e+08
841,6.6021e+08
842,6.6021e+08
843,6.6021e+08
844,6.6021e+08
845,6.6021e+08
846,6.6021e+08
847,6.6021e+08
848,6.6021e+08
849,6.6021e+08
850,6.6021e+08
851,6.6021e+08
852,6.6021e+08
853,6.6021e+08
854,6.6021e+08
855,6.6021e+08
856,6.6021e+08
857,6.6021e+08
858,6.6021e+08
859,6.6021e+08
860,6.6021e+08
861,6.6021e+08
862,6.6021e+08
863,6.6021e+08
864,6.6021e+08
865,6.6021e+08
866,6.6021e+08
867,6.6021e+08
868,6.6021e+08
869,6.6021e+08
870,6.60211e+08
871,6.60211e+08
872,6.60211e+08
873,6.60211e+08
874,6.60211e+08
875,6.60211e+08
876,6.60369e+08
877,6.60369e+08
878,6.60369e+08
879,6.60369e+08
880,6.60369e+08
881,6.60369e+08
882,6.60369e+08
883,6.60369e+08
884,6.60369e+08
885,6.60369e+08
886,6.60369e+08
887,6.60369e+08
888,6.60369e+08
889,6.60369e+08
890,6.60369e+08
891,6.60369e+08
892,6.60369e+08
893,6.60369e+08
894,6.60369e+08
895,6.60369e+08
896,6.60369e+08
897,6.60369e+08
898,6.60369e+08
899,6.60369e+08
900,6.60369e+08
901,6.60369e+08
902,6.60369e+08
903,6.60369e+08
904,6.60369e+08
905,6.60369e+08
906,6.60369e+08
907,6.60369e+08
908,6.60369e+08
909,6.60369e+08
910,6.60369e+08
911,6.60369e+08
912,6.60369e+08
913,6.60369e+08
914,6.60369e+08
915,6.60369e+08
916,6.60369e+08
917,6.60369e+08
918,6.60369e+08
919,6.60369e+08
920,6.60369e+08
921,6.60371e+08
922,6.60371e+08
923,6.60371e+08
924,6.60371e+08
925,6.60371e+08
926,6.60371e+08
927,6.60371e+08
928,6.60371e+08
929,6.60371e+08
930,6.60371e+08
931,6.60371e+08
932,6.60371e+08
933,6.60371e+08
934,6.60371e+08
935,6.60371e+08
936,6.60371e+08
937,6.60371e+08
938,6.61444e+08
939,6.61444e+08
940,6.61444e+08
941,6.61444e+08
942,6.61444e+08
943,6.61444e+08
944,6.61444e+08
945,6.61444e+08
946,6.61444e+08
947,6.61444e+08
948,6.61444e+08
949,6.61444e+08
950,6.61444e+08
951,6.61444e+08
952,6.61444e+08
953,6.61444e+08
954,6.61444e+08
955,6.61444e+08
956,6.61444e+08
957,6.61444e+08
958,6.61444e+08
959,6.61444e+08
960,6.61444e+08
961,6.61444e+08
962,6.61444e+08
963,6.61444e+08
964,6.61444e+08
965,6.61444e+08
966,6.61444e+08
967,6.61444e+08
968,6.61444e+08
969,6.61444e+08
970,6.61444e+08
971,6.61444e+08
972,6.61455e+08
973,6.61455e+08
974,6.61455e+08
975,6.61455e+08
976,6.61455e+08
977,6.61455e+08
978,6.61455e+08
979,6.61455e+08
980,6.61455e+08
981,6.61455e+08
982,6.61455e+08
983,6.61455e+08
984,6.61455e+08
985,6.61455e+08
986,6.61455e+08
987,6.61455e+08
988,6.61455e+08
989,6.61455e+08
990,6.61455e+08
991,6.61455e+08
992,6.61455e+08
993,6.61455e+08
994,6.61455e+08
995,6.61455e+08
996,6.61455e+08
997,6.61455e+08
998,6.61455e+08
999,6.61455e+08
1000,6.61455e+08
1001,6.62911e+08
1002,6.62911e+08
1003,6.62911e+08
1004,6.62911e+08
1005,6.62911e+08
1006,6.62911e+08
1007,6.62911e+08
1008,6.62911e+08
1009,6.62911e+08
1010,6.62911e+08
1011,6.62911e+08
1012,6.62911e+08
1013,6.62911e+08
1014,6.62911e+08
1015,6.62911e+08
1016,6.62911e+08
1017,6.62911e+08
1018,6.62911e+08
1019,6.62911e+08
1020,6.62911e+08
1021,6.62911e+08
1022,6.62911e+08
1023,6.62911e+08
1024,6.62911e+08
1025,6.62911e+08
1026,6.62911e+08
1027,6.62911e+08
1028,6.62911e+08
1029,6.62911e+08
1030,6.62911e+08
1031,6.62911e+08
1032,6.62911e+08
1033,6.62911e+08
1034,6.62911e+08
1035,6.62911e+08
1036,6.62911e+08
1037,6.62911e+08
1038,6.62911e+08
1039,6.62911e+08
1040,6.62911e+08
1041,6.62911e+08
1042,6.62911e+08
1043,6.62911e+08
1044,6.62911e+08
1045,6.62911e+08
1046,6.62911e+08
1047,6.62911e+08
1048,6.62911e+08
1049,6.62911e+08
1050,6.62911e+08
1051,6.62911e+08
1052,6.62911e+08
1053,6.62911e+08
1054,6.62911e+08
1055,6.62911e+08
1056,6.62911e+08
1057,6.62911e+08
1058,6.62911e+08
1059,6.62911e+08
1060,6.62911e+08
1061,6.62911e+08
1062,6.62911e+08
1063,6.64114e+08
1064,6.64114e+08
1065,6.64114e+08
1066,6.64114e+08
1067,6.64114e+08
1068,6.64114e+08
1069,6.64114e+08
1070,6.64114e+08
1071,6.64114e+08
1072,6.64114e+08
1073,6.64114e+08
1074,6.64114e+08
1075,6.64114e+08
1076,6.64114e+08
1077,6.64114e+08
1078,6.64114e+08
1079,6.64114e+08
1080,6.64114e+08
1081,6.64114e+08
1082,6.64114e+08
1083,6.64114e+08
1084,6.64114e+08
1085,6.64114e+08
1086,6.64114e+08
1087,6.64114e+08
1088,6.64114e+08
1089,6.64114e+08
1090,6.64114e+08
1091,6.64114e+08
1092,6.64114e+08
1093,6.64114e+08
1094,6.64114e+08
1095,6.64114e+08
1096,6.64114e+08
1097,6.64114e+08
1098,6.64121e+08
1099,6.64121e+08
1100,6.64121e+08
1101,6.64121e+08
1102,6.64121e+08
1103,6.64121e+08
1104,6.64121e+08
1105,6.64121e+08
1106,6.64121e+08
1107,6.64121e+08
1108,6.64121e+08
1109,6.64121e+08
1110,6.64121e+08
1111,6.64121e+08
1112,6.64121e+08
1113,6.64121e+08
1114,6.64121e+08
1115,6.64121e+08
1116,6.64121e+08
1117,6.64121e+08
1118,6.64121e+08
1119,6.64121e+08
1120,6.64121e+08
1121,6.64121e+08
1122,6.64121e+08
1123,6.64121e+08
1124,6.64121e+08
1125,6.64121e+08
1126,6.64936e+08
1127,6.64936e+08
1128,6.64936e+08
1129,6.64936e+08
1130,6.64936e+08
1131,6.64936e+08
1132,6.64936e+08
1133,6.64936e+08
1134,6.64936e+08
1135,6.64936e+08
1136,6.64936e+08
1137,6.64936e+08
1138,6.64936e+08
1139,6.64936e+08
1140,6.64936e+08
1141,6.64936e+08
1142,6.64936e+08
1143,6.64936e+08
1144,6.64936e+08
1145,6.64936e+08
1146,6.64936e+08
1147,6.64936e+08
1148,6.64936e+08
1149,6.64936e+08
1150,6.64936e+08
1151,6.64936e+08
1152,6.64936e+08
1153,6.64936e+08
1154,6.64936e+08
1155,6.64936e+08
1156,6.64936e+08
1157,6.64936e+08
1158,6.64936e+08
1159,6.64936e+08
1160,6.64936e+08
1161,6.64936e+08
1162,6.64936e+08
1163,6.64936e+08
1164,6.64936e+08
1165,6.64936e+08
1166,6.64936e+08
1167,6.64936e+08
1168,6.64936e+08
1169,6.64936e+08
1170,6.64936e+08
1171,6.64936e+08
1172,6.64936e+08
1173,6.64936e+08
1174,6.64936e+08
1175,6.64936e+08
1176,6.64936e+08
1177,6.64936e+08
1178,6.64936e+08
1179,6.64936e+08
1180,6.64936e+08
1181,6.64936e+08
1182,6.64936e+08
1183,6.64936e+08
1184,6.64936e+08
1185,6.64936e+08
1186,6.64936e+08
1187,6.64936e+08
1188,6.65303e+08
1189,6.65303e+08
1190,6.65303e+08
1191,6.65303e+08
1192,6.65303e+08
1193,6.65303e+08
1194,6.65303e+08
1195,6.65306e+08
1196,6.65306e+08
1197,6.65306e+08
1198,6.65306e+08
1199,6.65306e+08
1200,6.65306e+08
1201,6.65306e+08
1202,6.65306e+08
1203,6.65306e+08
1204,6.65306e+08
1205,6.65306e+08
1206,6.65306e+08
1207,6.65306e+08
1208,6.65306e+08
1209,6.65306e+08
1210,6.65306e+08
1211,6.65306e+08
1212,6.65306e+08
1213,6.65306e+08
1214,6.65306e+08
1215,6.65306e+08
1216,6.65306e+08
1217,6.65306e+08
1218,6.65306e+08
1219,6.65306e+08
1220,6.65306e+08
1221,6.65306e+08
1222,6.65306e+08
1223,6.65306e+08
1224,6.65306e+08
1225,6.65306e+08
1226,6.65306e+08
1227,6.65306e+08
1228,6.65306e+08
1229,6.65306e+08
1230,6.65306e+08
1231,6.65308e+08
1232,6.65308e+08
1233,6.65308e+08
1234,6.65308e+08
1235,6.65308e+08
1236,6.65309e+08
1237,6.65309e+08
1238,6.65309e+08
1239,6.65309e+08
1240,6.65309e+08
1241,6.65309e+08
1242,6.65309e+08
1243,6.65309e+08
1244,6.65309e+08
1245,6.65309e+08
1246,6.65309e+08
1247,6.65309e+08
1248,6.65309e+08
1249,6.65309e+08
1250,6.65309e+08
1251,6.65826e+08
1252,6.65826e+08
1253,6.65826e+08
1254,6.65826e+08
1255,6.65826e+08
1256,6.65826e+08
1257,6.65826e+08
1258,6.65826e+08
1259,6.65826e+08
1260,6.65826e+08
1261,6.65826e+08
1262,6.65826e+08
1263,6.65826e+08
1264,6.65826e+08
1265,6.65826e+08
1266,6.65826e+08
1267,6.65826e+08
1268,6.65826e+08
1269,6.65826e+08
1270,6.65826e+08
1271,6.65826e+08
1272,6.65826e+08
1273,6.65826e+08
1274,6.65826e+08
1275,6.65826e+08
1276,6.65826e+08
1277,6.65826e+08
1278,6.65826e+08
1279,6.65826e+08
1280,6.65826e+08
1281,6.65826e+08
1282,6.65826e+08
1283,6.65826e+08
1284,6.65826e+08
1285,6.65826e+08
1286,6.65826e+08
1287,6.65826e+08
1288,6.65826e+08
1289,6.65826e+08
1290,6.65826e+08
1291,6.65826e+08
1292,6.65826e+08
1293,6.65826e+08
1294,6.65826e+08
1295,6.65826e+08
1296,6.65826e+08
1297,6.65826e+08
1298,6.65826e+08
1299,6.65826e+08
1300,6.65826e+08
1301,6.65826e+08
1302,6.65826e+08
1303,6.65826e+08
1304,6.65826e+08
1305,6.65826e+08
1306,6.65826e+08
1307,6.65826e+08
1308,6.65826e+08
1309,6.65826e+08
1310,6.65826e+08
1311,6.65826e+08
1312,6.65826e+08
1313,6.66038e+08
1314,6.66038e+08
1315,6.66038e+08
1316,6.66038e+08
1317,6.6604e+08
1318,6.6604e+08
1319,6.6604e+08
1320,6.6604e+08
1321,6.6604e+08
1322,6.6604e+08
1323,6.6604e+08
1324,6.6604e+08
1325,6.6604e+08
1326,6.6604e+08
1327,6.6604e+08
1328,6.6604e+08
1329,6.6604e+08
1330,6.6604e+08
1331,6.6604e+08
1332,6.6604e+08
1333,6.6604e+08
1334,6.6604e+08
1335,6.6604e+08
1336,6.6604e+08
1337,6.6604e+08
1338,6.6604e+08
1339,6.6604e+08
1340,6.6604e+08
1341,6.6604e+08
1342,6.6604e+08
1343,6.6604e+08
1344,6.6604e+08
1345,6.6604e+08
1346,6.6604e+08
1347,6.6604e+08
1348,6.6604e+08
1349,6.6604e+08
1350,6.6604e+08
1351,6.6604e+08
1352,6.6604e+08
1353,6.6604e+08
1354,6.6604e+08
1355,6.6604e+08
1356,6.6604e+08
1357,6.6604e+08
1358,6.6604e+08
1359,6.6604e+08
1360,6.6604e+08
1361,6.6604e+08
1362,6.6604e+08
1363,6.6604e+08
1364,6.6604e+08
1365,6.6604e+08
1366,6.6604e+08
1367,6.6604e+08
1368,6.6604e+08
1369,6.6604e+08
1370,6.6604e+08
1371,6.6604e+08
1372,6.6604e+08
1373,6.6604e+08
1374,6.6604e+08
1375,6.6604e+08
1376,6.66207e+08
1377,6.66207e+08
1378,6.66207e+08
1379,6.66207e+08
1380,6.66207e+08
1381,6.66207e+08
1382,6.66207e+08
1383,6.66207e+08
1384,6.66207e+08
1385,6.66207e+08
1386,6.66207e+08
1387,6.66207e+08
1388,6.66207e+08
1389,6.66207e+08
1390,6.66207e+08
1391,6.66207e+08
1392,6.66207e+08
1393,6.66207e+08
1394,6.66207e+08
1395,6.66207e+08
1396,6.66207e+08
1397,6.66207e+08
1398,6.66207e+08
1399,6.66207e+08
1400,6.66207e+08
1401,6.66207e+08
1402,6.66207e+08
1403,6.66207e+08
1404,6.66207e+08
1405,6.66207e+08
1406,6.66207e+08
1407,6.66207e+08
1408,6.66207e+08
1409,6.66207e+08
1410,6.66207e+08
1411,6.66207e+08
1412,6.66207e+08
1413,6.66207e+08
1414,6.66207e+08
1415,6.66207e+08
1416,6.66207e+08
1417,6.66207e+08
1418,6.66207e+08
1419,6.66207e+08
1420,6.66207e+08
1421,6.66207e+08
1422,6.66207e+08
1423,6.66207e+08
1424,6.66207e+08
1425,6.66207e+08
1426,6.66207e+08
1427,6.66207e+08
1428,6.66207e+08
1429,6.66207e+08
1430,6.66207e+08
1431,6.66207e+08
1432,6.66207e+08
1433,6.66207e+08
1434,6.66207e+08
1435,6.66207e+08
1436,6.66207e+08
1437,6.66207e+08
1438,6.66307e+08
1439,6.66307e+08
1440,6.66307e+08
1441,6.66307e+08
1442,6.66307e+08
1443,6.66307e+08
1444,6.66307e+08
1445,6.66307e+08
1446,6.66307e+08
1447,6.66307e+08
1448,6.66307e+08
1449,6.66307e+08
1450,6.66307e+08
1451,6.66307e+08
1452,6.66307e+08
1453,6.66307e+08
1454,6.66307e+08
1455,6.66307e+08
1456,6.66307e+08
1457,6.66307e+08
1458,6.66307e+08
1459,6.66307e+08
1460,6.66307e+08
1461,6.66307e+08
1462,6.66307e+08
1463,6.66307e+08
1464,6.66307e+08
1465,6.66307e+08
1466,6.66307e+08
1467,6.66307e+08
1468,6.66307e+08
1469,6.66307e+08
1470,6.66307e+08
1471,6.66307e+08
1472,6.66307e+08
1473,6.66307e+08
1474,6.66307e+08
1475,6.66307e+08
1476,6.66307e+08
1477,6.66307e+08
1478,6.66307e+08
1479,6.66307e+08
1480,6.66307e+08
1481,6.66307e+08
1482,6.66307e+08
1483,6.66307e+08
1484,6.66307e+08
1485,6.66307e+08
1486,6.66307e+08
1487,6.66307e+08
1488,6.66307e+08
1489,6.66307e+08
1490,6.66307e+08
1491,6.66307e+08
1492,6.66307e+08
1493,6.66307e+08
1494,6.66307e+08
1495,6.66307e+08
1496,6.66307e+08
1497,6.66307e+08
1498,6.66307e+08
1499,6.66307e+08
1500,6.66307e+08
1501,6.66369e+08
1502,6.66369e+08
1503,6.66369e+08
1504,6.66369e+08
1505,6.66369e+08
1506,6.66369e+08
1507,6.66369e+08
1508,6.66369e+08
1509,6.66369e+08
1510,6.66369e+08
1511,6.66369e+08
1512,6.66369e+08
1513,6.66369e+08
1514,6.66369e+08
1515,6.66369e+08
1516,6.66369e+08
1517,6.66371e+08
1518,6.66371e+08
1519,6.66371e+08
1520,6.66371e+08
1521,6.66371e+08
1522,6.66371e+08
1523,6.66371e+08
1524,6.66371e+08
1525,6.66371e+08
1526,6.66371e+08
1527,6.66371e+08
1528,6.66371e+08
1529,6.66371e+08
1530,6.66371e+08
1531,6.66371e+08
1532,6.66371e+08
1533,6.66371e+08
1534,6.66371e+08
1535,6.66371e+08
1536,6.66371e+08
1537,6.66371e+08
1538,6.66371e+08
1539,6.66371e+08
1540,6.66371e+08
1541,6.66371e+08
1542,6.66371e+08
1543,6.66371e+08
1544,6.66371e+08
1545,6.66371e+08
1546,6.66371e+08
1547,6.66371e+08
1548,6.66371e+08
1549,6.66371e+08
1550,6.66371e+08
1551,6.66371e+08
1552,6.66371e+08
1553,6.66371e+08
1554,6.66371e+08
1555,6.66371e+08
1556,6.66371e+08
1557,6.66371e+08
1558,6.66371e+08
1559,6.66371e+08
1560,6.66371e+08
1561,6.66371e+08
1562,6.66371e+08
1563,6.66515e+08
1564,6.66515e+08
1565,6.66515e+08
1566,6.66515e+08
1567,6.66515e+08
1568,6.66515e+08
1569,6.66515e+08
1570,6.66515e+08
1571,6.66515e+08
1572,6.66515e+08
1573,6.66515e+08
1574,6.66515e+08
1575,6.66515e+08
1576,6.66515e+08
1577,6.66515e+08
1578,6.66515e+08
1579,6.66515e+08
1580,6.66515e+08
1581,6.66515e+08
1582,6.66515e+08
1583,6.66515e+08
1584,6.66515e+08
1585,6.66515e+08
1586,6.66515e+08
1587,6.66515e+08
1588,6.66515e+08
1589,6.66515e+08
1590,6.66515e+08
1591,6.66515e+08
1592,6.66515e+08
1593,6.66515e+08
1594,6.66515e+08
1595,6.66515e+08
1596,6.66515e+08
1597,6.66515e+08
1598,6.66515e+08
1599,6.66515e+08
1600,6.66515e+08
1601,6.66515e+08
1602,6.66515e+08
1603,6.66515e+08
1604,6.66515e+08
1605,6.66515e+08
1606,6.66515e+08
1607,6.66515e+08
1608,6.66515e+08
1609,6.66515e+08
1610,6.66515e+08
1611,6.66515e+08
1612,6.66515e+08
1613,6.66515e+08
1614,6.66515e+08
1615,6.66515e+08
1616,6.66515e+08
1617,6.66515e+08
1618,6.66515e+08
1619,6.66515e+08
1620,6.66515e+08
1621,6.66515e+08
1622,6.66515e+08
1623,6.66515e+08
1624,6.66515e+08
1625,6.66515e+08
1626,6.66548e+08
1627,6.66548e+08
1628,6.66548e+08
1629,6.66548e+08
1630,6.66548e+08
1631,6.66548e+08
1632,6.66548e+08
1633,6.66548e+08
1634,6.66548e+08
1635,6.66548e+08
1636,6.66548e+08
1637,6.66548e+08
1638,6.66548e+08
1639,6.66548e+08
1640,6.66548e+08
1641,6.66548e+08
1642,6.66548e+08
1643,6.66548e+08
1644,6.66548e+08
1645,6.66548e+08
1646,6.66548e+08
1647,6.66548e+08
1648,6.66548e+08
1649,6.66548e+08
1650,6.66548e+08
1651,6.66548e+08
1652,6.66548e+08
1653,6.66548e+08
1654,6.66548e+08
1655,6.66548e+08
1656,6.66548e+08
1657,6.66548e+08
1658,6.66548e+08
1659,6.66548e+08
1660,6.66548e+08
1661,6.66548e+08
1662,6.66549e+08
1663,6.66549e+08
1664,6.66549e+08
1665,6.66549e+08
1666,6.66549e+08
1667,6.66549e+08
1668,6.66549e+08
1669,6.66549e+08
1670,6.66549e+08
1671,6.66549e+08
1672,6.66549e+08
1673,6.66549e+08
1674,6.66549e+08
1675,6.66549e+08
1676,6.66549e+08
1677,6.66549e+08
1678,6.66549e+08
1679,6.66549e+08
1680,6.66549e+08
1681,6.66549e+08
1682,6.66549e+08
1683,6.66549e+08
1684,6.66549e+08
1685,6.66549e+08
1686,6.66549e+08
1687,6.66549e+08
1688,6.66549e+08
1689,6.66549e+08
1690,6.66549e+08
1691,6.66549e+08
1692,6.66549e+08
1693,6.66549e+08
1694,6.66549e+08
1695,6.66549e+08
1696,6.66549e+08
1697,6.66549e+08
1698,6.66549e+08
1699,6.66549e+08
1700,6.66549e+08
1701,6.66549e+08
1702,6.66549e+08
1703,6.66549e+08
1704,6.66549e+08
1705,6.66549e+08
1706,6.66549e+08
1707,6.66549e+08
1708,6.66549e+08
1709,6.66549e+08
1710,6.66549e+08
1711,6.66549e+08
1712,6.66549e+08
1713,6.66549e+08
1714,6.66549e+08
1715,6.66549e+08
1716,6.66549e+08
1717,6.66549e+08
1718,6.66549e+08
1719,6.66549e+08
1720,6.66549e+08
1721,6.66549e+08
1722,6.66549e+08
1723,6.66549e+08
1724,6.66549e+08
1725,6.66549e+08
1726,6.66549e+08
1727,6.66549e+08
1728,6.66549e+08
1729,6.66549e+08
1730,6.66549e+08
1731,6.66549e+08
1732,6.66549e+08
1733,6.66549e+08
1734,6.66549e+08
1735,6.66549e+08
1736,6.66549e+08
1737,6.66549e+08
1738,6.66549e+08
1739,6.66549e+08
1740,6.66549e+08
1741,6.66549e+08
1742,6.66549e+08
1743,6.66549e+08
1744,6.66549e+08
1745,6.66549e+08
1746,6.66549e+08
1747,6.66549e+08
1748,6.66549e+08
1749,6.66549e+08
1750,6.66549e+08
1751,6.66549e+08
1752,6.66549e+08
1753,6.66549e+08
1754,6.66549e+08
1755,6.66549e+08
1756,6.66549e+08
1757,6.66549e+08
1758,6.66549e+08
1759,6.66549e+08
1760,6.66549e+08
1761,6.66549e+08
1762,6.66549e+08
1763,6.66549e+08
1764,6.66549e+08
1765,6.66549e+08
1766,6.66549e+08
1767,6.66549e+08
1768,6.66549e+08
1769,6.66549e+08
1770,6.66549e+08
1771,6.66549e+08
1772,6.66549e+08
1773,6.66549e+08
1774,6.66549e+08
1775,6.66549e+08
1776,6.66549e+08
1777,6.66549e+08
1778,6.66549e+08
1779,6.66549e+08
1780,6.66549e+08
1781,6.66549e+08
1782,6.66549e+08
1783,6.66549e+08
1784,6.66549e+08
1785,6.66549e+08
1786,6.66549e+08
1787,6.66549e+08
1788,6.66549e+08
1789,6.66549e+08
1790,6.66549e+08
1791,6.66549e+08
1792,6.66549e+08
1793,6.66549e+08
1794,6.66549e+08
1795,6.66549e+08
1796,6.66549e+08
1797,6.66549e+08
1798,6.66549e+08
1799,6.66549e+08
1800,6.66549e+08
1801,6.66549e+08
1802,6.66549e+08
1803,6.66549e+08
1804,6.66549e+08
1805,6.66549e+08
1806,6.66549e+08
1807,6.66549e+08
1808,6.66549e+08
1809,6.66549e+08
1810,6.66549e+08
1811,6.66549e+08
1812,6.66549e+08
1813,6.66613e+08
1814,6.66613e+08
1815,6.66613e+08
1816,6.66613e+08
1817,6.66613e+08
1818,6.66613e+08
1819,6.66613e+08
1820,6.66613e+08
1821,6.66613e+08
1822,6.66613e+08
1823,6.66613e+08
1824,6.66613e+08
1825,6.66613e+08
1826,6.66613e+08
1827,6.66613e+08
1828,6.66613e+08
1829,6.66613e+08
1830,6.66613e+08
1831,6.66613e+08
1832,6.66613e+08
1833,6.66613e+08
1834,6.66613e+08
1835,6.66613e+08
1836,6.66613e+08
1837,6.66613e+08
1838,6.66613e+08
1839,6.66613e+08
1840,6.66613e+08
1841,6.66613e+08
1842,6.66613e+08
1843,6.66613e+08
1844,6.66613e+08
1845,6.66613e+08
1846,6.66613e+08
1847,6.66613e+08
1848,6.66613e+08
1849,6.66613e+08
1850,6.66613e+08
1851,6.66613e+08
1852,6.66613e+08
1853,6.66613e+08
1854,6.66613e+08
1855,6.66613e+08
1856,6.66613e+08
1857,6.66613e+08
1858,6.66613e+08
1859,6.66613e+08
1860,6.66613e+08
1861,6.66613e+08
1862,6.66613e+08
1863,6.66613e+08
1864,6.66613e+08
1865,6.66613e+08
1866,6.66613e+08
1867,6.66613e+08
1868,6.66613e+08
1869,6.66613e+08
1870,6.66613e+08
1871,6.66613e+08
1872,6.66613e+08
1873,6.66613e+08
1874,6.66613e+08
1875,6.66613e+08
1876,6.66613e+08
1877,6.66613e+08
1878,6.66613e+08
1879,6.66613e+08
1880,6.66613e+08
1881,6.66613e+08
1882,6.66613e+08
1883,6.66613e+08
1884,6.66613e+08
1885,6.66613e+08
1886,6.66613e+08
1887,6.66613e+08
1888,6.66613e+08
1889,6.66613e+08
1890,6.66613e+08
1891,6.66613e+08
1892,6.66613e+08
1893,6.66613e+08
1894,6.66613e+08
1895,6.66613e+08
1896,6.66613e+08
1897,6.66613e+08
1898,6.66613e+08
1899,6.66613e+08
1900,6.66613e+08
1901,6.66613e+08
1902,6.66613e+08
1903,6.66613e+08
1904,6.66613e+08
1905,6.66613e+08
1906,6.66613e+08
1907,6.66613e+08
1908,6.66613e+08
1909,6.66613e+08
1910,6.66613e+08
1911,6.66613e+08
1912,6.66613e+08
1913,6.66613e+08
1914,6.66613e+08
1915,6.66613e+08
1916,6.66613e+08
1917,6.66613e+08
1918,6.66613e+08
1919,6.66613e+08
1920,6.66613e+08
1921,6.66613e+08
1922,6.66613e+08
1923,6.66613e+08
1924,6.66613e+08
1925,6.66613e+08
1926,6.66613e+08
1927,6.66613e+08
1928,6.66613e+08
1929,6.66613e+08
1930,6.66613e+08
1931,6.66613e+08
1932,6.66613e+08
1933,6.66613e+08
1934,6.66613e+08
1935,6.66613e+08
1936,6.66613e+08
1937,6.66613e+08
1938,6.66659e+08
1939,6.66659e+08
1940,6.66659e+08
1941,6.66659e+08
1942,6.66659e+08
1943,6.66659e+08
1944,6.66659e+08
1945,6.66659e+08
1946,6.66659e+08
1947,6.66659e+08
1948,6.66659e+08
1949,6.66659e+08
1950,6.66659e+08
1951,6.66659e+08
1952,6.66659e+08
1953,6.66659e+08
1954,6.66659e+08
1955,6.66659e+08
1956,6.66659e+08
1957,6.66659e+08
1958,6.66659e+08
1959,6.66659e+08
1960,6.66659e+08
1961,6.66659e+08
1962,6.66659e+08
1963,6.66659e+08
1964,6.66659e+08
1965,6.66659e+08
1966,6.66659e+08
1967,6.66659e+08
1968,6.66659e+08
1969,6.66659e+08
1970,6.66659e+08
1971,6.66659e+08
1972,6.66659e+08
1973,6.66659e+08
1974,6.66659e+08
1975,6.66659e+08
1976,6.66659e+08
1977,6.66659e+08
1978,6.66659e+08
1979,6.66659e+08
1980,6.66659e+08
1981,6.66659e+08
1982,6.66659e+08
1983,6.66659e+08
1984,6.6666e+08
1985,6.6666e+08
1986,6.6666e+08
1987,6.6666e+08
1988,6.6666e+08
1989,6.6666e+08
1990,6.6666e+08
1991,6.6666e+08
1992,6.6666e+08
1993,6.6666e+08
1994,6.6666e+08
1995,6.6666e+08
1996,6.6666e+08
1997,6.6666e+08
1998,6.6666e+08
1999,6.6666e+08
2000,6.6666e+08
2001,6.6666e+08
2002,6.6666e+08
2003,6.6666e+08
2004,6.6666e+08
2005,6.6666e+08
2006,6.6666e+08
2007,6.6666e+08
2008,6.6666e+08
2009,6.6666e+08
2010,6.6666e+08
2011,6.6666e+08
2012,6.6666e+08
2013,6.6666e+08
2014,6.6666e+08
2015,6.6666e+08
2016,6.6666e+08
2017,6.6666e+08
2018,6.6666e+08
2019,6.6666e+08
2020,6.6666e+08
2021,6.6666e+08
2022,6.6666e+08
2023,6.6666e+08
2024,6.6666e+08
2025,6.6666e+08
2026,6.6666e+08
2027,6.6666e+08
2028,6.6666e+08
2029,6.6666e+08
2030,6.6666e+08
2031,6.6666e+08
2032,6.6666e+08
2033,6.6666e+08
2034,6.6666e+08
2035,6.6666e+08
2036,6.6666e+08
2037,6.6666e+08
2038,6.6666e+08
2039,6.6666e+08
2040,6.6666e+08
2041,6.6666e+08
2042,6.6666e+08
2043,6.6666e+08
2044,6.6666e+08
2045,6.6666e+08
2046,6.6666e+08
2047,6.6666e+08
2048,6.6666e+08
2049,6.6666e+08
2050,6.6666e+08
2051,6.6666e+08
2052,6.6666e+08
2053,6.6666e+08
2054,6.6666e+08
2055,6.6666e+08
2056,6.6666e+08
2057,6.6666e+08
2058,6.6666e+08
2059,6.6666e+08
2060,6.6666e+08
2061,6.6666e+08
2062,6.6666e+08
2063,6.6666e+08
2064,6.6666e+08
2065,6.6666e+08
2066,6.6666e+08
2067,6.6666e+08
2068,6.6666e+08
2069,6.6666e+08
2070,6.6666e+08
2071,6.6666e+08
2072,6.6666e+08
2073,6.6666e+08
2074,6.6666e+08
2075,6.6666e+08
2076,6.6666e+08
2077,6.6666e+08
2078,6.6666e+08
2079,6.6666e+08
2080,6.6666e+08
2081,6.6666e+08
2082,6.6666e+08
2083,6.6666e+08
2084,6.6666e+08
2085,6.6666e+08
2086,6.6666e+08
2087,6.6666e+08
2088,6.6666e+08
2089,6.6666e+08
2090,6.6666e+08
2091,6.6666e+08
2092,6.6666e+08
2093,6.6666e+08
2094,6.6666e+08
2095,6.6666e+08
2096,6.6666e+08
2097,6.6666e+08
2098,6.6666e+08
2099,6.6666e+08
2100,6.6666e+08
2101,6.6666e+08
2102,6.6666e+08
2103,6.6666e+08
2104,6.6666e+08
2105,6.6666e+08
2106,6.6666e+08
2107,6.6666e+08
2108,6.6666e+08
2109,6.6666e+08
2110,6.6666e+08
2111,6.6666e+08
2112,6.6666e+08
2113,6.6666e+08
2114,6.6666e+08
2115,6.6666e+08
2116,6.6666e+08
2117,6.6666e+08
2118,6.6666e+08
2119,6.6666e+08
2120,6.6666e+08
2121,6.6666e+08
2122,6.6666e+08
2123,6.6666e+08
2124,6.6666e+08
2125,6.6666e+08
2126,6.66698e+08
2127,6.66698e+08
2128,6.66698e+08
2129,6.66698e+08
2130,6.66698e+08
2131,6.66698e+08
2132,6.66698e+08
2133,6.66698e+08
2134,6.66698e+08
2135,6.66698e+08
2136,6.66698e+08
2137,6.66698e+08
2138,6.66698e+08
2139,6.66698e+08
2140,6.66698e+08
2141,6.66698e+08
2142,6.66698e+08
2143,6.66698e+08
2144,6.66698e+08
2145,6.66698e+08
2146,6.66698e+08
2147,6.66698e+08
2148,6.66698e+08
2149,6.66698e+08
2150,6.66698e+08
2151,6.66698e+08
2152,6.66698e+08
2153,6.66698e+08
2154,6.66698e+08
2155,6.66698e+08
2156,6.66698e+08
2157,6.66698e+08
2158,6.66698e+08
2159,6.66698e+08
2160,6.66698e+08
2161,6.66698e+08
2162,6.66698e+08
2163,6.66698e+08
2164,6.66698e+08
2165,6.66698e+08
2166,6.66698e+08
2167,6.66698e+08
2168,6.66698e+08
2169,6.66698e+08
2170,6.66698e+08
2171,6.66698e+08
2172,6.66698e+08
2173,6.66698e+08
2174,6.66698e+08
2175,6.66698e+08
2176,6.66698e+08
2177,6.66698e+08
2178,6.66698e+08
2179,6.66698e+08
2180,6.66698e+08
2181,6.66698e+08
2182,6.66698e+08
2183,6.66698e+08
2184,6.66698e+08
2185,6.66698e+08
2186,6.66698e+08
2187,6.66698e+08
2188,6.66731e+08
2189,6.66731e+08
2190,6.66731e+08
2191,6.66731e+08
2192,6.66731e+08
2193,6.66731e+08
2194,6.66731e+08
2195,6.66731e+08
2196,6.66731e+08
2197,6.66731e+08
2198,6.66731e+08
2199,6.66731e+08
2200,6.66731e+08
2201,6.66731e+08
2202,6.66731e+08
2203,6.66731e+08
2204,6.66731e+08
2205,6.66731e+08
2206,6.66731e+08
2207,6.66731e+08
2208,6.66731e+08
2209,6.66731e+08
2210,6.66731e+08
2211,6.66731e+08
2212,6.66731e+08
2213,6.66731e+08
2214,6.66731e+08
2215,6.66731e+08
2216,6.66731e+08
2217,6.66731e+08
2218,6.66731e+08
2219,6.66731e+08
2220,6.66731e+08
2221,6.66731e+08
2222,6.66731e+08
2223,6.66731e+08
2224,6.66731e+08
2225,6.66731e+08
2226,6.66731e+08
2227,6.66731e+08
2228,6.66731e+08
2229,6.66731e+08
2230,6.66731e+08
2231,6.66731e+08
2232,6.66731e+08
2233,6.66731e+08
2234,6.66731e+08
2235,6.66731e+08
2236,6.66731e+08
2237,6.66731e+08
2238,6.66731e+08
2239,6.66731e+08
2240,6.66731e+08
2241,6.66731e+08
2242,6.66731e+08
2243,6.66731e+08
2244,6.66731e+08
2245,6.66731e+08
2246,6.66731e+08
2247,6.66731e+08
2248,6.66731e+08
2249,6.66731e+08
2250,6.66731e+08
2251,6.66731e+08
2252,6.66731e+08
2253,6.66731e+08
2254,6.66731e+08
2255,6.66731e+08
2256,6.66731e+08
2257,6.66731e+08
2258,6.66731e+08
2259,6.66731e+08
2260,6.66731e+08
2261,6.66731e+08
2262,6.66731e+08
2263,6.66731e+08
2264,6.66731e+08
2265,6.66731e+08
2266,6.66731e+08
2267,6.66731e+08
2268,6.66731e+08
2269,6.66731e+08
2270,6.66731e+08
2271,6.66731e+08
2272,6.66731e+08
2273,6.66731e+08
2274,6.66731e+08
2275,6.66731e+08
2276,6.66731e+08
2277,6.66731e+08
2278,6.66731e+08
2279,6.66731e+08
2280,6.66731e+08
2281,6.66731e+08
2282,6.66731e+08
2283,6.66731e+08
2284,6.66731e+08
2285,6.66731e+08
2286,6.66731e+08
2287,6.66731e+08
2288,6.66731e+08
2289,6.66731e+08
2290,6.66731e+08
2291,6.66731e+08
2292,6.66731e+08
2293,6.66731e+08
2294,6.66731e+08
2295,6.66731e+08
2296,6.66731e+08
2297,6.66731e+08
2298,6.66731e+08
2299,6.66731e+08
2300,6.66731e+08
2301,6.66731e+08
2302,6.66731e+08
2303,6.66731e+08
2304,6.66731e+08
2305,6.66731e+08
2306,6.66731e+08
2307,6.66731e+08
2308,6.66731e+08
2309,6.66731e+08
2310,6.66731e+08
2311,6.66731e+08
2312,6.66731e+08
2313,6.66752e+08
2314,6.66752e+08
2315,6.66752e+08
2316,6.66752e+08
2317,6.66752e+08
2318,6.66752e+08
2319,6.66752e+08
2320,6.66752e+08
2321,6.66752e+08
2322,6.66752e+08
2323,6.66752e+08
2324,6.66752e+08
2325,6.66752e+08
2326,6.66752e+08
2327,6.66752e+08
2328,6.66752e+08
2329,6.66752e+08
2330,6.66752e+08
2331,6.66752e+08
2332,6.66752e+08
2333,6.66752e+08
2334,6.66752e+08
2335,6.66752e+08
2336,6.66752e+08
2337,6.66752e+08
2338,6.66752e+08
2339,6.66752e+08
2340,6.66752e+08
2341,6.66752e+08
2342,6.66752e+08
2343,6.66752e+08
2344,6.66752e+08
2345,6.66752e+08
2346,6.66752e+08
2347,6.66752e+08
2348,6.66752e+08
2349,6.66752e+08
2350,6.66752e+08
2351,6.66752e+08
2352,6.66752e+08
2353,6.66752e+08
2354,6.66752e+08
2355,6.66752e+08
2356,6.66752e+08
2357,6.66752e+08
2358,6.66752e+08
2359,6.66752e+08
2360,6.66752e+08
2361,6.66752e+08
2362,6.66752e+08
2363,6.66752e+08
2364,6.66752e+08
2365,6.66752e+08
2366,6.66752e+08
2367,6.66752e+08
2368,6.66752e+08
2369,6.66752e+08
2370,6.66752e+08
2371,6.66752e+08
2372,6.66752e+08
2373,6.66752e+08
2374,6.66752e+08
2375,6.66752e+08
2376,6.66778e+08
2377,6.66778e+08
2378,6.66778e+08
2379,6.66778e+08
2380,6.66778e+08
2381,6.66778e+08
2382,6.66778e+08
2383,6.66778e+08
2384,6.66778e+08
2385,6.66778e+08
2386,6.66778e+08
2387,6.66778e+08
2388,6.66778e+08
2389,6.66778e+08
2390,6.66778e+08
2391,6.66778e+08
2392,6.66778e+08
2393,6.66778e+08
2394,6.66778e+08
2395,6.66778e+08
2396,6.66778e+08
2397,6.66778e+08
2398,6.66778e+08
2399,6.66778e+08
2400,6.66778e+08
2401,6.66778e+08
2402,6.66778e+08
2403,6.66778e+08
2404,6.66778e+08
2405,6.66778e+08
2406,6.66778e+08
2407,6.66778e+08
2408,6.66778e+08
2409,6.66778e+08
2410,6.66778e+08
2411,6.66778e+08
2412,6.66778e+08
2413,6.66778e+08
2414,6.66778e+08
2415,6.66778e+08
2416,6.66778e+08
2417,6.66778e+08
2418,6.66778e+08
2419,6.66778e+08
2420,6.66778e+08
2421,6.66778e+08
2422,6.66778e+08
2423,6.66778e+08
2424,6.66778e+08
2425,6.66778e+08
2426,6.66778e+08
2427,6.66778e+08
2428,6.66778e+08
2429,6.66778e+08
2430,6.66778e+08
2431,6.66778e+08
2432,6.66778e+08
2433,6.66778e+08
2434,6.66778e+08
2435,6.66778e+08
2436,6.66778e+08
2437,6.66778e+08
2438,6.66778e+08
2439,6.66778e+08
2440,6.66778e+08
2441,6.66778e+08
2442,6.66778e+08
2443,6.66778e+08
2444,6.66778e+08
2445,6.66778e+08
2446,6.66778e+08
2447,6.66778e+08
2448,6.66778e+08
2449,6.66778e+08
2450,6.66778e+08
2451,6.66778e+08
2452,6.66778e+08
2453,6.66778e+08
2454,6.66778e+08
2455,6.66778e+08
2456,6.66778e+08
2457,6.66778e+08
2458,6.66778e+08
2459,6.66778e+08
2460,6.66778e+08
2461,6.66778e+08
2462,6.66778e+08
2463,6.66778e+08
2464,6.66778e+08
2465,6.66778e+08
2466,6.66778e+08
2467,6.66778e+08
2468,6.66778e+08
2469,6.66778e+08
2470,6.66778e+08
2471,6.66778e+08
2472,6.66778e+08
2473,6.66778e+08
2474,6.66778e+08
2475,6.66778e+08
2476,6.66778e+08
2477,6.66778e+08
2478,6.66778e+08
2479,6.66778e+08
2480,6.66778e+08
2481,6.66778e+08
2482,6.66778e+08
2483,6.66778e+08
2484,6.66778e+08
2485,6.66778e+08
2486,6.66778e+08
2487,6.66778e+08
2488,6.66778e+08
2489,6.66778e+08
2490,6.66778e+08
2491,6.66778e+08
2492,6.66778e+08
2493,6.66778e+08
2494,6.66778e+08
2495,6.66778e+08
2496,6.66778e+08
2497,6.66778e+08
2498,6.66778e+08
2499,6.66778e+08
2500,6.66778e+08
2501,6.66799e+08
2502,6.66799e+08
2503,6.66799e+08
2504,6.66799e+08
2505,6.66799e+08
2506,6.66799e+08
2507,6.66799e+08
2508,6.66799e+08
2509,6.66799e+08
2510,6.66799e+08
2511,6.66799e+08
2512,6.66799e+08
2513,6.66799e+08
2514,6.66799e+08
2515,6.66799e+08
2516,6.66799e+08
2517,6.66799e+08
2518,6.66799e+08
2519,6.66799e+08
2520,6.66799e+08
2521,6.66799e+08
2522,6.66799e+08
2523,6.66799e+08
2524,6.66799e+08
2525,6.66799e+08
2526,6.66799e+08
2527,6.66799e+08
2528,6.66799e+08
2529,6.66799e+08
2530,6.66799e+08
2531,6.66799e+08
2532,6.66799e+08
2533,6.66799e+08
2534,6.66799e+08
2535,6.66799e+08
2536,6.66799e+08
2537,6.66799e+08
2538,6.66799e+08
2539,6.66799e+08
2540,6.66799e+08
2541,6.66799e+08
2542,6.66799e+08
2543,6.66799e+08
2544,6.66799e+08
2545,6.66799e+08
2546,6.66799e+08
2547,6.66799e+08
2548,6.66799e+08
2549,6.66799e+08
2550,6.66799e+08
2551,6.66799e+08
2552,6.66799e+08
2553,6.66799e+08
2554,6.66799e+08
2555,6.66799e+08
2556,6.66799e+08
2557,6.66799e+08
2558,6.66799e+08
2559,6.66799e+08
2560,6.66799e+08
2561,6.66799e+08
2562,6.66799e+08
2563,6.66801e+08
2564,6.66801e+08
2565,6.66801e+08
2566,6.66801e+08
2567,6.66801e+08
2568,6.66801e+08
2569,6.66801e+08
2570,6.66801e+08
2571,6.66801e+08
2572,6.66801e+08
2573,6.66801e+08
2574,6.66801e+08
2575,6.66801e+08
2576,6.66801e+08
2577,6.66801e+08
2578,6.66801e+08
2579,6.66801e+08
2580,6.66801e+08
2581,6.66801e+08
2582,6.66801e+08
2583,6.66801e+08
2584,6.66801e+08
2585,6.66801e+08
2586,6.66801e+08
2587,6.66801e+08
2588,6.66801e+08
2589,6.66801e+08
2590,6.66801e+08
2591,6.66801e+08
2592,6.66801e+08
2593,6.66801e+08
2594,6.66801e+08
2595,6.66801e+08
2596,6.66801e+08
2597,6.66801e+08
2598,6.66801e+08
2599,6.66801e+08
2600,6.66801e+08
2601,6.66801e+08
2602,6.66801e+08
2603,6.66801e+08
2604,6.66801e+08
2605,6.66801e+08
2606,6.66801e+08
2607,6.66801e+08
2608,6.66801e+08
2609,6.66801e+08
2610,6.66801e+08
2611,6.66801e+08
2612,6.66801e+08
2613,6.66801e+08
2614,6.66801e+08
2615,6.66801e+08
2616,6.66801e+08
2617,6.66801e+08
2618,6.66801e+08
2619,6.66801e+08
2620,6.66801e+08
2621,6.66801e+08
2622,6.66801e+08
2623,6.66801e+08
2624,6.66801e+08
2625,6.66801e+08
2626,6.66825e+08
2627,6.66825e+08
2628,6.66825e+08
2629,6.66825e+08
2630,6.66825e+08
2631,6.66825e+08
2632,6.66825e+08
2633,6.66825e+08
2634,6.66825e+08
2635,6.66825e+08
2636,6.66825e+08
2637,6.66825e+08
2638,6.66825e+08
2639,6.66825e+08
2640,6.66825e+08
2641,6.66825e+08
2642,6.66825e+08
2643,6.66825e+08
2644,6.66825e+08
2645,6.66825e+08
2646,6.66825e+08
2647,6.66825e+08
2648,6.66825e+08
2649,6.66825e+08
2650,6.66825e+08
2651,6.66826e+08
2652,6.66826e+08
2653,6.66826e+08
2654,6.66826e+08
2655,6.66826e+08
2656,6.66826e+08
2657,6.66826e+08
2658,6.66826e+08
2659,6.66826e+08
2660,6.66826e+08
2661,6.66826e+08
2662,6.66826e+08
2663,6.66826e+08
2664,6.66826e+08
2665,6.66826e+08
2666,6.66826e+08
2667,6.66826e+08
2668,6.66826e+08
2669,6.66826e+08
2670,6.66826e+08
2671,6.66826e+08
2672,6.66826e+08
2673,6.66826e+08
2674,6.66826e+08
2675,6.66826e+08
2676,6.66826e+08
2677,6.66826e+08
2678,6.66826e+08
2679,6.66826e+08
2680,6.66826e+08
2681,6.66826e+08
2682,6.66826e+08
2683,6.66826e+08
2684,6.66826e+08
2685,6.66826e+08
2686,6.66826e+08
2687,6.66826e+08
2688,6.66846e+08
2689,6.66846e+08
2690,6.66846e+08
2691,6.66846e+08
2692,6.66846e+08
2693,6.66846e+08
2694,6.66846e+08
2695,6.66846e+08
2696,6.66846e+08
2697,6.66846e+08
2698,6.66846e+08
2699,6.66846e+08
2700,6.66846e+08
2701,6.66846e+08
2702,6.66846e+08
2703,6.66846e+08
2704,6.66846e+08
2705,6.66846e+08
2706,6.66846e+08
2707,6.66846e+08
2708,6.66846e+08
2709,6.66846e+08
2710,6.66846e+08
2711,6.66846e+08
2712,6.66846e+08
2713,6.66846e+08
2714,6.66846e+08
2715,6.66846e+08
2716,6.66846e+08
2717,6.66846e+08
2718,6.66846e+08
2719,6.66846e+08
2720,6.66846e+08
2721,6.66846e+08
2722,6.66846e+08
2723,6.66846e+08
2724,6.66846e+08
2725,6.66846e+08
2726,6.66846e+08
2727,6.66846e+08
2728,6.66846e+08
2729,6.66846e+08
2730,6.66846e+08
2731,6.66846e+08
2732,6.66846e+08
2733,6.66846e+08
2734,6.66846e+08
2735,6.66846e+08
2736,6.66846e+08
2737,6.66846e+08
2738,6.66846e+08
2739,6.66846e+08
2740,6.66846e+08
2741,6.66846e+08
2742,6.66846e+08
2743,6.66846e+08
2744,6.66846e+08
2745,6.66846e+08
2746,6.66846e+08
2747,6.66846e+08
2748,6.66846e+08
2749,6.66846e+08
2750,6.66846e+08
2751,6.66846e+08
2752,6.66846e+08
2753,6.66846e+08
2754,6.66846e+08
2755,6.66846e+08
2756,6.66846e+08
2757,6.66846e+08
2758,6.66846e+08
2759,6.66846e+08
2760,6.66846e+08
2761,6.66846e+08
2762,6.66846e+08
2763,6.66846e+08
2764,6.66846e+08
2765,6.66846e+08
2766,6.66846e+08
2767,6.66846e+08
2768,6.66846e+08
2769,6.66846e+08
2770,6.66846e+08
2771,6.66846e+08
2772,6.66846e+08
2773,6.66846e+08
2774,6.66846e+08
2775,6.66846e+08
2776,6.66846e+08
2777,6.66846e+08
2778,6.66846e+08
2779,6.66846e+08
2780,6.66846e+08
2781,6.66846e+08
2782,6.66846e+08
2783,6.66846e+08
2784,6.66846e+08
2785,6.66846e+08
2786,6.66846e+08
2787,6.66846e+08
2788,6.66846e+08
2789,6.66846e+08
2790,6.66846e+08
2791,6.66846e+08
2792,6.66846e+08
2793,6.66846e+08
2794,6.66846e+08
2795,6.66846e+08
2796,6.66846e+08
2797,6.66846e+08
2798,6.66846e+08
2799,6.66846e+08
2800,6.66846e+08
2801,6.66846e+08
2802,6.66846e+08
2803,6.66846e+08
2804,6.66846e+08
2805,6.66846e+08
2806,6.66846e+08
2807,6.66846e+08
2808,6.66846e+08
2809,6.66846e+08
2810,6.66846e+08
2811,6.66846e+08
2812,6.66846e+08
2813,6.66867e+08
2814,6.66867e+08
2815,6.66867e+08
2816,6.66867e+08
2817,6.66867e+08
2818,6.66867e+08
2819,6.66867e+08
2820,6.66867e+08
2821,6.66867e+08
2822,6.66867e+08
2823,6.66867e+08
2824,6.66867e+08
2825,6.66867e+08
2826,6.66867e+08
2827,6.66867e+08
2828,6.66867e+08
2829,6.66867e+08
2830,6.66867e+08
2831,6.66867e+08
2832,6.66867e+08
2833,6.66867e+08
2834,6.66867e+08
2835,6.66867e+08
2836,6.66867e+08
2837,6.66867e+08
2838,6.66867e+08
2839,6.66867e+08
2840,6.66867e+08
2841,6.66867e+08
2842,6.66867e+08
2843,6.66867e+08
2844,6.66867e+08
2845,6.66867e+08
2846,6.66867e+08
2847,6.66867e+08
2848,6.66867e+08
2849,6.66867e+08
2850,6.66867e+08
2851,6.66867e+08
2852,6.66867e+08
2853,6.66867e+08
2854,6.66867e+08
2855,6.66867e+08
2856,6.66867e+08
2857,6.66867e+08
2858,6.66867e+08
2859,6.66867e+08
2860,6.66867e+08
2861,6.66867e+08
2862,6.66867e+08
2863,6.66867e+08
2864,6.66867e+08
2865,6.66867e+08
2866,6.66867e+08
2867,6.66867e+08
2868,6.66867e+08
2869,6.66867e+08
2870,6.66867e+08
2871,6.66867e+08
2872,6.66867e+08
2873,6.66867e+08
2874,6.66867e+08
2875,6.66867e+08
2876,6.66881e+08
2877,6.66881e+08
2878,6.66881e+08
2879,6.66881e+08
2880,6.66881e+08
2881,6.66881e+08
2882,6.66881e+08
2883,6.66881e+08
2884,6.66881e+08
2885,6.66881e+08
2886,6.66881e+08
2887,6.66881e+08
2888,6.66881e+08
2889,6.66881e+08
2890,6.66881e+08
2891,6.66881e+08
2892,6.66881e+08
2893,6.66881e+08
2894,6.66881e+08
2895,6.66881e+08
2896,6.66881e+08
2897,6.66881e+08
2898,6.66881e+08
2899,6.66881e+08
2900,6.66881e+08
2901,6.66881e+08
2902,6.66881e+08
2903,6.66881e+08
2904,6.66881e+08
2905,6.66881e+08
2906,6.66881e+08
2907,6.66881e+08
2908,6.66881e+08
2909,6.66881e+08
2910,6.66881e+08
2911,6.66881e+08
2912,6.66881e+08
2913,6.66881e+08
2914,6.66881e+08
2915,6.66881e+08
2916,6.66881e+08
2917,6.66881e+08
2918,6.66881e+08
2919,6.66881e+08
2920,6.66881e+08
2921,6.66881e+08
2922,6.66881e+08
2923,6.66881e+08
2924,6.66881e+08
2925,6.66881e+08
2926,6.66881e+08
2927,6.66881e+08
2928,6.66881e+08
2929,6.66881e+08
2930,6.66881e+08
2931,6.66881e+08
2932,6.66881e+08
2933,6.66881e+08
2934,6.66881e+08
2935,6.66881e+08
2936,6.66881e+08
2937,6.66881e+08
2938,6.66893e+08
2939,6.66893e+08
2940,6.66893e+08
2941,6.66893e+08
2942,6.66893e+08
2943,6.66893e+08
2944,6.66893e+08
2945,6.66893e+08
2946,6.66893e+08
2947,6.66893e+08
2948,6.66893e+08
2949,6.66893e+08
2950,6.66893e+08
2951,6.66893e+08
2952,6.66893e+08
2953,6.66893e+08
2954,6.66893e+08
2955,6.66893e+08
2956,6.66893e+08
2957,6.66893e+08
2958,6.66893e+08
2959,6.66893e+08
2960,6.66893e+08
2961,6.66893e+08
2962,6.66893e+08
2963,6.66893e+08
2964,6.66893e+08
2965,6.66893e+08
2966,6.66893e+08
2967,6.66893e+08
2968,6.66893e+08
2969,6.66893e+08
2970,6.66893e+08
2971,6.66893e+08
2972,6.66893e+08
2973,6.66893e+08
2974,6.66893e+08
2975,6.66893e+08
2976,6.66893e+08
2977,6.66893e+08
2978,6.66893e+08
2979,6.66893e+08
2980,6.66893e+08
2981,6.66893e+08
2982,6.66893e+08
2983,6.66893e+08
2984,6.66893e+08
2985,6.66893e+08
2986,6.66893e+08
2987,6.66893e+08
2988,6.66893e+08
2989,6.66893e+08
2990,6.66893e+08
2991,6.66893e+08
2992,6.66893e+08
2993,6.66893e+08
2994,6.66893e+08
2995,6.66893e+08
2996,6.66893e+08
2997,6.66893e+08
2998,6.66893e+08
2999,6.66893e+08
3000,6.66893e+08
3001,6.66898e+08
3002,6.66898e+08
3003,6.66898e+08
3004,6.66898e+08
3005,6.66898e+08
3006,6.66898e+08
3007,6.66898e+08
3008,6.66898e+08
3009,6.66898e+08
3010,6.66898e+08
3011,6.66898e+08
3012,6.66898e+08
3013,6.66898e+08
3014,6.66898e+08
3015,6.66898e+08
3016,6.66898e+08
3017,6.66898e+08
3018,6.66898e+08
3019,6.66898e+08
3020,6.66898e+08
3021,6.66898e+08
3022,6.66898e+08
3023,6.66898e+08
3024,6.66898e+08
3025,6.66898e+08
3026,6.66898e+08
3027,6.66898e+08
3028,6.66898e+08
3029,6.66898e+08
3030,6.66898e+08
3031,6.66898e+08
3032,6.66898e+08
3033,6.66898e+08
3034,6.66898e+08
3035,6.66898e+08
3036,6.66898e+08
3037,6.66898e+08
3038,6.66898e+08
3039,6.66898e+08
3040,6.66898e+08
3041,6.66898e+08
3042,6.66898e+08
3043,6.66898e+08
3044,6.66898e+08
3045,6.66898e+08
3046,6.66898e+08
3047,6.66898e+08
3048,6.66898e+08
3049,6.66898e+08
3050,6.66898e+08
3051,6.66898e+08
3052,6.66898e+08
3053,6.66898e+08
3054,6.66898e+08
3055,6.66898e+08
3056,6.66898e+08
3057,6.66898e+08
3058,6.66898e+08
3059,6.66898e+08
3060,6.66898e+08
3061,6.66898e+08
3062,6.66898e+08
3063,6.66898e+08
3064,6.66898e+08
3065,6.66898e+08
3066,6.66898e+08
3067,6.66898e+08
3068,6.66898e+08
3069,6.66898e+08
3070,6.66898e+08
3071,6.66898e+08
3072,6.66898e+08
3073,6.66898e+08
3074,6.66898e+08
3075,6.66898e+08
3076,6.66898e+08
3077,6.66898e+08
3078,6.66898e+08
3079,6.66898e+08
3080,6.66898e+08
3081,6.66898e+08
3082,6.66898e+08
3083,6.66898e+08
3084,6.66898e+08
3085,6.66898e+08
3086,6.66898e+08
3087,6.66898e+08
3088,6.66898e+08
3089,6.66898e+08
3090,6.66898e+08
3091,6.66898e+08
3092,6.66898e+08
3093,6.66898e+08
3094,6.66898e+08
3095,6.66898e+08
3096,6.66898e+08
3097,6.66898e+08
3098,6.66898e+08
3099,6.66898e+08
3100,6.66898e+08
3101,6.66898e+08
3102,6.66898e+08
3103,6.66898e+08
3104,6.66898e+08
3105,6.66898e+08
3106,6.66898e+08
3107,6.66898e+08
3108,6.66898e+08
3109,6.66898e+08
3110,6.66898e+08
3111,6.66898e+08
3112,6.66898e+08
3113,6.66898e+08
3114,6.66898e+08
3115,6.66898e+08
3116,6.66898e+08
3117,6.66898e+08
3118,6.66898e+08
3119,6.66898e+08
3120,6.66898e+08
3121,6.66898e+08
3122,6.66898e+08
3123,6.66898e+08
3124,6.66898e+08
3125,6.66898e+08
3126,6.66898e+08
3127,6.66898e+08
3128,6.66898e+08
3129,6.66898e+08
3130,6.66898e+08
3131,6.66898e+08
3132,6.66898e+08
3133,6.66898e+08
3134,6.66898e+08
3135,6.66898e+08
3136,6.66898e+08
3137,6.66898e+08
3138,6.66898e+08
3139,6.66898e+08
3140,6.66898e+08
3141,6.66898e+08
3142,6.66898e+08
3143,6.66898e+08
3144,6.66898e+08
3145,6.66898e+08
3146,6.66898e+08
3147,6.66898e+08
3148,6.66898e+08
3149,6.66898e+08
3150,6.66898e+08
3151,6.66898e+08
3152,6.66898e+08
3153,6.66898e+08
3154,6.66898e+08
3155,6.66898e+08
3156,6.66898e+08
3157,6.66898e+08
3158,6.66898e+08
3159,6.66898e+08
3160,6.66898e+08
3161,6.66898e+08
3162,6.66898e+08
3163,6.66898e+08
3164,6.66898e+08
3165,6.66898e+08
3166,6.66898e+08
3167,6.66898e+08
3168,6.66898e+08
3169,6.66898e+08
3170,6.66898e+08
3171,6.66898e+08
3172,6.66898e+08
3173,6.66898e+08
3174,6.66898e+08
3175,6.66898e+08
3176,6.66898e+08
3177,6.66898e+08
3178,6.66898e+08
3179,6.66898e+08
3180,6.66898e+08
3181,6.66898e+08
3182,6.66898e+08
3183,6.66898e+08
3184,6.66898e+08
3185,6.66898e+08
3186,6.66898e+08
3187,6.66898e+08
3188,6.66898e+08
3189,6.66898e+08
3190,6.66898e+08
3191,6.66898e+08
3192,6.66898e+08
3193,6.66898e+08
3194,6.66898e+08
3195,6.66898e+08
3196,6.66898e+08
3197,6.66898e+08
3198,6.66898e+08
3199,6.66898e+08
3200,6.66898e+08
3201,6.66898e+08
3202,6.66898e+08
3203,6.66898e+08
3204,6.66898e+08
3205,6.66898e+08
3206,6.66898e+08
3207,6.66898e+08
3208,6.66898e+08
3209,6.66898e+08
3210,6.66898e+08
3211,6.66898e+08
3212,6.66898e+08
3213,6.66898e+08
3214,6.66898e+08
3215,6.66898e+08
3216,6.66898e+08
3217,6.66898e+08
3218,6.66898e+08
3219,6.66898e+08
3220,6.66898e+08
3221,6.66898e+08
3222,6.66898e+08
3223,6.66898e+08
3224,6.66898e+08
3225,6.66898e+08
3226,6.66898e+08
3227,6.66898e+08
3228,6.66898e+08
3229,6.66898e+08
3230,6.66898e+08
3231,6.66898e+08
3232,6.66898e+08
3233,6.66898e+08
3234,6.66898e+08
3235,6.66898e+08
3236,6.66898e+08
3237,6.66898e+08
3238,6.66898e+08
3239,6.66898e+08
3240,6.66898e+08
3241,6.66898e+08
3242,6.66898e+08
3243,6.66898e+08
3244,6.66898e+08
3245,6.66898e+08
3246,6.66898e+08
3247,6.66898e+08
3248,6.66898e+08
3249,6.66898e+08
3250,6.66898e+08
3251,6.66898e+08
3252,6.66898e+08
3253,6.66898e+08
3254,6.66898e+08
3255,6.66898e+08
3256,6.66898e+08
3257,6.66898e+08
3258,6.66898e+08
3259,6.66898e+08
3260,6.66898e+08
3261,6.66898e+08
3262,6.66898e+08
3263,6.66898e+08
3264,6.66898e+08
3265,6.66898e+08
3266,6.66898e+08
3267,6.66898e+08
3268,6.66898e+08
3269,6.66898e+08
3270,6.66898e+08
3271,6.66898e+08
3272,6.66898e+08
3273,6.66898e+08
3274,6.66898e+08
3275,6.66898e+08
3276,6.66898e+08
3277,6.66898e+08
3278,6.66898e+08
3279,6.66898e+08
3280,6.66898e+08
3281,6.66898e+08
3282,6.66898e+08
3283,6.66898e+08
3284,6.66898e+08
3285,6.66898e+08
3286,6.66898e+08
3287,6.66898e+08
3288,6.66898e+08
3289,6.66898e+08
3290,6.66898e+08
3291,6.66898e+08
3292,6.66898e+08
3293,6.66898e+08
3294,6.66898e+08
3295,6.66898e+08
3296,6.66898e+08
3297,6.66898e+08
3298,6.66898e+08
3299,6.66898e+08
3300,6.66898e+08
3301,6.66898e+08
3302,6.66898e+08
3303,6.66898e+08
3304,6.66898e+08
3305,6.66898e+08
3306,6.66898e+08
3307,6.66898e+08
3308,6.66898e+08
3309,6.66898e+08
3310,6.66898e+08
3311,6.66898e+08
3312,6.66898e+08
3313,6.66898e+08
3314,6.66898e+08
3315,6.66898e+08
3316,6.66898e+08
3317,6.66898e+08
3318,6.66898e+08
3319,6.66898e+08
3320,6.66898e+08
3321,6.66898e+08
3322,6.66898e+08
3323,6.66898e+08
3324,6.66898e+08
3325,6.66898e+08
3326,6.66898e+08
3327,6.66898e+08
3328,6.66898e+08
3329,6.66898e+08
3330,6.66898e+08
3331,6.66898e+08
3332,6.66898e+08
3333,6.66898e+08
3334,6.66898e+08
3335,6.66898e+08
3336,6.66898e+08
3337,6.66898e+08
3338,6.66898e+08
3339,6.66898e+08
3340,6.66898e+08
3341,6.66898e+08
3342,6.66898e+08
3343,6.66898e+08
3344,6.66898e+08
3345,6.66898e+08
3346,6.66898e+08
3347,6.66898e+08
3348,6.66898e+08
3349,6.66898e+08
3350,6.66898e+08
3351,6.66898e+08
3352,6.66898e+08
3353,6.66898e+08
3354,6.66898e+08
3355,6.66898e+08
3356,6.66898e+08
3357,6.66898e+08
3358,6.66898e+08
3359,6.66898e+08
3360,6.66898e+08
3361,6.66898e+08
3362,6.66898e+08
3363,6.66898e+08
3364,6.66898e+08
3365,6.66898e+08
3366,6.66898e+08
3367,6.66898e+08
3368,6.66898e+08
3369,6.66898e+08
3370,6.66898e+08
3371,6.66898e+08
3372,6.66898e+08
3373,6.66898e+08
3374,6.66898e+08
3375,6.66898e+08
3376,6.66898e+08
3377,6.66898e+08
3378,6.66898e+08
3379,6.66898e+08
3380,6.66898e+08
3381,6.66898e+08
3382,6.66898e+08
3383,6.66898e+08
3384,6.66898e+08
3385,6.66898e+08
3386,6.66898e+08
3387,6.66898e+08
3388,6.66898e+08
3389,6.66898e+08
3390,6.66898e+08
3391,6.66898e+08
3392,6.66898e+08
3393,6.66898e+08
3394,6.66898e+08
3395,6.66898e+08
3396,6.66898e+08
3397,6.66898e+08
3398,6.66898e+08
3399,6.66898e+08
3400,6.66898e+08
3401,6.66898e+08
3402,6.66898e+08
3403,6.66898e+08
3404,6.66898e+08
3405,6.66898e+08
3406,6.66898e+08
3407,6.66898e+08
3408,6.66898e+08
3409,6.66898e+08
3410,6.66898e+08
3411,6.66898e+08
3412,6.66898e+08
3413,6.66898e+08
3414,6.66898e+08
3415,6.66898e+08
3416,6.66898e+08
3417,6.66898e+08
3418,6.66898e+08
3419,6.66898e+08
3420,6.66898e+08
3421,6.66898e+08
3422,6.66898e+08
3423,6.66898e+08
3424,6.66898e+08
3425,6.66898e+08
3426,6.66898e+08
3427,6.66898e+08
3428,6.66898e+08
3429,6.66898e+08
3430,6.66898e+08
3431,6.66898e+08
3432,6.66898e+08
3433,6.66898e+08
3434,6.66898e+08
3435,6.66898e+08
3436,6.66898e+08
3437,6.66898e+08
3438,6.66934e+08
3439,6.66934e+08
3440,6.66934e+08
3441,6.66934e+08
3442,6.66934e+08
3443,6.66934e+08
3444,6.66934e+08
3445,6.66934e+08
3446,6.66934e+08
3447,6.66934e+08
3448,6.66934e+08
3449,6.66934e+08
3450,6.66934e+08
3451,6.66934e+08
3452,6.66934e+08
3453,6.66934e+08
3454,6.66934e+08
3455,6.66934e+08
3456,6.66934e+08
3457,6.66934e+08
3458,6.66934e+08
3459,6.66934e+08
3460,6.66934e+08
3461,6.66934e+08
3462,6.66934e+08
3463,6.66934e+08
3464,6.66934e+08
3465,6.66934e+08
3466,6.66934e+08
3467,6.66934e+08
3468,6.66934e+08
3469,6.66934e+08
3470,6.66934e+08
3471,6.66934e+08
3472,6.66934e+08
3473,6.66934e+08
3474,6.66934e+08
3475,6.66934e+08
3476,6.66934e+08
3477,6.66934e+08
3478,6.66934e+08
3479,6.66934e+08
3480,6.66934e+08
3481,6.66934e+08
3482,6.66934e+08
3483,6.66934e+08
3484,6.66934e+08
3485,6.66934e+08
3486,6.66934e+08
3487,6.66934e+08
3488,6.66934e+08
3489,6.66934e+08
3490,6.66934e+08
3491,6.66934e+08
3492,6.66934e+08
3493,6.66934e+08
3494,6.66934e+08
3495,6.66934e+08
3496,6.66934e+08
3497,6.66934e+08
3498,6.66934e+08
3499,6.66934e+08
3500,6.66934e+08
3501,6.66934e+08
3502,6.66934e+08
3503,6.66934e+08
3504,6.66934e+08
3505,6.66934e+08
3506,6.66934e+08
3507,6.66934e+08
3508,6.66934e+08
3509,6.66934e+08
3510,6.66934e+08
3511,6.66934e+08
3512,6.66934e+08
3513,6.66934e+08
3514,6.66934e+08
3515,6.66934e+08
3516,6.66934e+08
3517,6.66934e+08
3518,6.66934e+08
3519,6.66934e+08
3520,6.66934e+08
3521,6.66934e+08
3522,6.66934e+08
3523,6.66934e+08
3524,6.66934e+08
3525,6.66934e+08
3526,6.66934e+08
3527,6.66934e+08
3528,6.66934e+08
3529,6.66934e+08
3530,6.66934e+08
3531,6.66934e+08
3532,6.66934e+08
3533,6.66934e+08
3534,6.66934e+08
3535,6.66934e+08
3536,6.66934e+08
3537,6.66934e+08
3538,6.66934e+08
3539,6.66934e+08
3540,6.66934e+08
3541,6.66934e+08
3542,6.66934e+08
3543,6.66934e+08
3544,6.66934e+08
3545,6.66934e+08
3546,6.66934e+08
3547,6.66934e+08
3548,6.66934e+08
3549,6.66934e+08
3550,6.66934e+08
3551,6.66934e+08
3552,6.66934e+08
3553,6.66934e+08
3554,6.66934e+08
3555,6.66934e+08
3556,6.66934e+08
3557,6.66934e+08
3558,6.66934e+08
3559,6.66934e+08
3560,6.66934e+08
3561,6.66934e+08
3562,6.66934e+08
3563,6.66934e+08
3564,6.66934e+08
3565,6.66934e+08
3566,6.66934e+08
3567,6.66934e+08
3568,6.66934e+08
3569,6.66934e+08
3570,6.66934e+08
3571,6.66934e+08
3572,6.66934e+08
3573,6.66934e+08
3574,6.66934e+08
3575,6.66934e+08
3576,6.66934e+08
3577,6.66934e+08
3578,6.66934e+08
3579,6.66934e+08
3580,6.66934e+08
3581,6.66934e+08
3582,6.66934e+08
3583,6.66934e+08
3584,6.66934e+08
3585,6.66934e+08
3586,6.66934e+08
3587,6.66934e+08
3588,6.66934e+08
3589,6.66934e+08
3590,6.66934e+08
3591,6.66934e+08
3592,6.66934e+08
3593,6.66934e+08
3594,6.66934e+08
3595,6.66934e+08
3596,6.66934e+08
3597,6.66934e+08
3598,6.66934e+08
3599,6.66934e+08
3600,6.66934e+08
3601,6.66934e+08
3602,6.66934e+08
3603,6.66934e+08
3604,6.66934e+08
3605,6.66934e+08
3606,6.66934e+08
3607,6.66934e+08
3608,6.66934e+08
3609,6.66934e+08
3610,6.66934e+08
3611,6.66934e+08
3612,6.66934e+08
3613,6.66934e+08
3614,6.66934e+08
3615,6.66934e+08
3616,6.66934e+08
3617,6.66934e+08
3618,6.66934e+08
3619,6.66934e+08
3620,6.66934e+08
3621,6.66934e+08
3622,6.66934e+08
3623,6.66934e+08
3624,6.66934e+08
3625,6.66934e+08
3626,6.66934e+08
3627,6.66934e+08
3628,6.66934e+08
3629,6.66934e+08
3630,6.66934e+08
3631,6.66934e+08
3632,6.66934e+08
3633,6.66934e+08
3634,6.66934e+08
3635,6.66934e+08
3636,6.66934e+08
3637,6.66934e+08
3638,6.66934e+08
3639,6.66934e+08
3640,6.66934e+08
3641,6.66934e+08
3642,6.66934e+08
3643,6.66934e+08
3644,6.66934e+08
3645,6.66934e+08
3646,6.66934e+08
3647,6.66934e+08
3648,6.66934e+08
3649,6.66934e+08
3650,6.66934e+08
3651,6.66934e+08
3652,6.66934e+08
3653,6.66934e+08
3654,6.66934e+08
3655,6.66934e+08
3656,6.66934e+08
3657,6.66934e+08
3658,6.66934e+08
3659,6.66934e+08
3660,6.66934e+08
3661,6.66934e+08
3662,6.66934e+08
3663,6.66934e+08
3664,6.66934e+08
3665,6.66934e+08
3666,6.66934e+08
3667,6.66934e+08
3668,6.66934e+08
3669,6.66934e+08
3670,6.66934e+08
3671,6.66934e+08
3672,6.66934e+08
3673,6.66934e+08
3674,6.66934e+08
3675,6.66934e+08
3676,6.66934e+08
3677,6.66934e+08
3678,6.66934e+08
3679,6.66934e+08
3680,6.66934e+08
3681,6.66934e+08
3682,6.66934e+08
3683,6.66934e+08
3684,6.66934e+08
3685,6.66934e+08
3686,6.66934e+08
3687,6.66934e+08
3688,6.66934e+08
3689,6.66934e+08
3690,6.66934e+08
3691,6.66934e+08
3692,6.66934e+08
3693,6.66934e+08
3694,6.66934e+08
3695,6.66934e+08
3696,6.66934e+08
3697,6.66934e+08
3698,6.66934e+08
3699,6.66934e+08
3700,6.66934e+08
3701,6.66934e+08
3702,6.66934e+08
3703,6.66934e+08
3704,6.66934e+08
3705,6.66934e+08
3706,6.66934e+08
3707,6.66934e+08
3708,6.66934e+08
3709,6.66934e+08
3710,6.66934e+08
3711,6.66934e+08
3712,6.66934e+08
3713,6.66934e+08
3714,6.66934e+08
3715,6.66934e+08
3716,6.66934e+08
3717,6.66934e+08
3718,6.66934e+08
3719,6.66934e+08
3720,6.66934e+08
3721,6.66934e+08
3722,6.66934e+08
3723,6.66934e+08
3724,6.66934e+08
3725,6.66934e+08
3726,6.66934e+08
3727,6.66934e+08
3728,6.66934e+08
3729,6.66934e+08
3730,6.66934e+08
3731,6.66934e+08
3732,6.66934e+08
3733,6.66934e+08
3734,6.66934e+08
3735,6.66934e+08
3736,6.66934e+08
3737,6.66934e+08
3738,6.66934e+08
3739,6.66934e+08
3740,6.66934e+08
3741,6.66934e+08
3742,6.66934e+08
3743,6.66934e+08
3744,6.66934e+08
3745,6.66934e+08
3746,6.66934e+08
3747,6.66934e+08
3748,6.66934e+08
3749,6.66934e+08
3750,6.66934e+08
3751,6.66934e+08
3752,6.66934e+08
3753,6.66934e+08
3754,6.66934e+08
3755,6.66934e+08
3756,6.66934e+08
3757,6.66934e+08
3758,6.66934e+08
3759,6.66934e+08
3760,6.66934e+08
3761,6.66934e+08
3762,6.66934e+08
3763,6.66934e+08
3764,6.66934e+08
3765,6.66934e+08
3766,6.66934e+08
3767,6.66934e+08
3768,6.66934e+08
3769,6.66934e+08
3770,6.66934e+08
3771,6.66934e+08
3772,6.66934e+08
3773,6.66934e+08
3774,6.66934e+08
3775,6.66934e+08
3776,6.66934e+08
3777,6.66934e+08
3778,6.66934e+08
3779,6.66934e+08
3780,6.66934e+08
3781,6.66934e+08
3782,6.66934e+08
3783,6.66934e+08
3784,6.66934e+08
3785,6.66934e+08
3786,6.66934e+08
3787,6.66934e+08
3788,6.66934e+08
3789,6.66934e+08
3790,6.66934e+08
3791,6.66934e+08
3792,6.66934e+08
3793,6.66934e+08
3794,6.66934e+08
3795,6.66934e+08
3796,6.66934e+08
3797,6.66934e+08
3798,6.66934e+08
3799,6.66934e+08
3800,6.66934e+08
3801,6.66934e+08
3802,6.66934e+08
3803,6.66934e+08
3804,6.66934e+08
3805,6.66934e+08
3806,6.66934e+08
3807,6.66934e+08
3808,6.66934e+08
3809,6.66934e+08
3810,6.66934e+08
3811,6.66934e+08
3812,6.66934e+08
3813,6.66934e+08
3814,6.66934e+08
3815,6.66934e+08
3816,6.66934e+08
3817,6.66934e+08
3818,6.66934e+08
3819,6.66934e+08
3820,6.66934e+08
3821,6.66934e+08
3822,6.66934e+08
3823,6.66934e+08
3824,6.66934e+08
3825,6.66934e+08
3826,6.66934e+08
3827,6.66934e+08
3828,6.66934e+08
3829,6.66934e+08
3830,6.66934e+08
3831,6.66934e+08
3832,6.66934e+08
3833,6.66934e+08
3834,6.66934e+08
3835,6.66934e+08
3836,6.66934e+08
3837,6.66934e+08
3838,6.66934e+08
3839,6.66934e+08
3840,6.66934e+08
3841,6.66934e+08
3842,6.66934e+08
3843,6.66934e+08
3844,6.66934e+08
3845,6.66934e+08
3846,6.66934e+08
3847,6.66934e+08
3848,6.66934e+08
3849,6.66934e+08
3850,6.66934e+08
3851,6.66934e+08
3852,6.66934e+08
3853,6.66934e+08
3854,6.66934e+08
3855,6.66934e+08
3856,6.66934e+08
3857,6.66934e+08
3858,6.66934e+08
3859,6.66934e+08
3860,6.66934e+08
3861,6.66934e+08
3862,6.66934e+08
3863,6.66934e+08
3864,6.66934e+08
3865,6.66934e+08
3866,6.66934e+08
3867,6.66934e+08
3868,6.66934e+08
3869,6.66934e+08
3870,6.66934e+08
3871,6.66934e+08
3872,6.66934e+08
3873,6.66934e+08
3874,6.66934e+08
3875,6.66934e+08
3876,6.66934e+08
3877,6.66934e+08
3878,6.66934e+08
3879,6.66934e+08
3880,6.66934e+08
3881,6.66934e+08
3882,6.66934e+08
3883,6.66934e+08
3884,6.66934e+08
3885,6.66934e+08
3886,6.66934e+08
3887,6.66934e+08
3888,6.66934e+08
3889,6.66934e+08
3890,6.66934e+08
3891,6.66934e+08
3892,6.66934e+08
3893,6.66934e+08
3894,6.66934e+08
3895,6.66934e+08
3896,6.66934e+08
3897,6.66934e+08
3898,6.66934e+08
3899,6.66934e+08
3900,6.66934e+08
3901,6.66934e+08
3902,6.66934e+08
3903,6.66934e+08
3904,6.66934e+08
3905,6.66934e+08
3906,6.66934e+08
3907,6.66934e+08
3908,6.66934e+08
3909,6.66934e+08
3910,6.66934e+08
3911,6.66934e+08
3912,6.66934e+08
3913,6.66934e+08
3914,6.66934e+08
3915,6.66934e+08
3916,6.66934e+08
3917,6.66934e+08
3918,6.66934e+08
3919,6.66934e+08
3920,6.66934e+08
3921,6.66934e+08
3922,6.66934e+08
3923,6.66934e+08
3924,6.66934e+08
3925,6.66934e+08
3926,6.66934e+08
3927,6.66934e+08
3928,6.66934e+08
3929,6.66934e+08
3930,6.66934e+08
3931,6.66934e+08
3932,6.66934e+08
3933,6.66934e+08
3934,6.66934e+08
3935,6.66934e+08
3936,6.66934e+08
3937,6.66934e+08
